Enrollment_No,Insubordination_Offences,Civil_Offences
234561,"{'minor': 4, 'major': 0}",2
234562,"{'minor': 4, 'major': 1}",2
234563,"{'minor': 4, 'major': 0}",2
234564,"{'minor': 0, 'major': 2}",2
234565,"{'minor': 1, 'major': 2}",0
234566,"{'minor': 0, 'major': 1}",0
234567,"{'minor': 4, 'major': 0}",0
234568,"{'minor': 1, 'major': 3}",0
234569,"{'minor': 5, 'major': 1}",2
234570,"{'minor': 4, 'major': 0}",0
234571,"{'minor': 3, 'major': 1}",3
234572,"{'minor': 5, 'major': 2}",3
234573,"{'minor': 2, 'major': 1}",1
234574,"{'minor': 6, 'major': 2}",0
234575,"{'minor': 6, 'major': 0}",0
234576,"{'minor': 2, 'major': 1}",0
234577,"{'minor': 6, 'major': 0}",2
234578,"{'minor': 1, 'major': 3}",1
234579,"{'minor': 3, 'major': 1}",0
234580,"{'minor': 5, 'major': 2}",1
234581,"{'minor': 1, 'major': 1}",3
234582,"{'minor': 2, 'major': 0}",1
234583,"{'minor': 4, 'major': 2}",2
234584,"{'minor': 2, 'major': 1}",3
234585,"{'minor': 2, 'major': 1}",1
234586,"{'minor': 0, 'major': 0}",1
234587,"{'minor': 4, 'major': 0}",1
234588,"{'minor': 5, 'major': 3}",0
234589,"{'minor': 6, 'major': 0}",1
234590,"{'minor': 0, 'major': 1}",3
234591,"{'minor': 2, 'major': 2}",3
234592,"{'minor': 3, 'major': 2}",0
234593,"{'minor': 1, 'major': 3}",2
234594,"{'minor': 1, 'major': 1}",1
234595,"{'minor': 4, 'major': 3}",1
234596,"{'minor': 6, 'major': 3}",1
234597,"{'minor': 5, 'major': 3}",2
234598,"{'minor': 4, 'major': 3}",1
234599,"{'minor': 1, 'major': 0}",3
234600,"{'minor': 5, 'major': 2}",1
234601,"{'minor': 4, 'major': 0}",3
234602,"{'minor': 0, 'major': 3}",1
234603,"{'minor': 4, 'major': 2}",2
234604,"{'minor': 3, 'major': 3}",0
234605,"{'minor': 3, 'major': 3}",1
234606,"{'minor': 6, 'major': 3}",3
234607,"{'minor': 2, 'major': 2}",0
234608,"{'minor': 1, 'major': 1}",2
234609,"{'minor': 3, 'major': 0}",1
234610,"{'minor': 1, 'major': 0}",1
234611,"{'minor': 1, 'major': 0}",2
234612,"{'minor': 5, 'major': 3}",2
234613,"{'minor': 6, 'major': 2}",2
234614,"{'minor': 1, 'major': 1}",2
234615,"{'minor': 5, 'major': 2}",3
234616,"{'minor': 1, 'major': 1}",1
234617,"{'minor': 0, 'major': 2}",1
234618,"{'minor': 5, 'major': 0}",1
234619,"{'minor': 0, 'major': 2}",3
234620,"{'minor': 1, 'major': 1}",0
234621,"{'minor': 1, 'major': 0}",1
234622,"{'minor': 5, 'major': 2}",3
234623,"{'minor': 5, 'major': 0}",2
234624,"{'minor': 3, 'major': 3}",3
234625,"{'minor': 4, 'major': 0}",3
234626,"{'minor': 1, 'major': 3}",3
234627,"{'minor': 1, 'major': 3}",3
234628,"{'minor': 0, 'major': 3}",3
234629,"{'minor': 2, 'major': 2}",3
234630,"{'minor': 2, 'major': 2}",1
234631,"{'minor': 1, 'major': 3}",1
234632,"{'minor': 0, 'major': 1}",2
234633,"{'minor': 6, 'major': 3}",3
234634,"{'minor': 4, 'major': 3}",1
234635,"{'minor': 3, 'major': 2}",0
234636,"{'minor': 6, 'major': 1}",1
234637,"{'minor': 4, 'major': 3}",1
234638,"{'minor': 0, 'major': 3}",3
234639,"{'minor': 0, 'major': 0}",3
234640,"{'minor': 4, 'major': 0}",1
234641,"{'minor': 6, 'major': 1}",1
234642,"{'minor': 3, 'major': 1}",1
234643,"{'minor': 0, 'major': 0}",3
234644,"{'minor': 3, 'major': 3}",0
234645,"{'minor': 6, 'major': 3}",0
234646,"{'minor': 3, 'major': 3}",3
234647,"{'minor': 3, 'major': 3}",1
234648,"{'minor': 1, 'major': 2}",2
234649,"{'minor': 3, 'major': 1}",2
234650,"{'minor': 6, 'major': 0}",2
234651,"{'minor': 3, 'major': 1}",3
234652,"{'minor': 0, 'major': 2}",2
234653,"{'minor': 2, 'major': 3}",1
234654,"{'minor': 1, 'major': 2}",3
234655,"{'minor': 1, 'major': 1}",1
234656,"{'minor': 1, 'major': 1}",2
234657,"{'minor': 0, 'major': 2}",0
234658,"{'minor': 6, 'major': 2}",0
234659,"{'minor': 5, 'major': 0}",0
234660,"{'minor': 2, 'major': 3}",3
234661,"{'minor': 3, 'major': 1}",0
234662,"{'minor': 6, 'major': 2}",3
234663,"{'minor': 0, 'major': 1}",3
234664,"{'minor': 5, 'major': 1}",1
234665,"{'minor': 6, 'major': 2}",3
234666,"{'minor': 4, 'major': 0}",0
234667,"{'minor': 0, 'major': 2}",3
234668,"{'minor': 5, 'major': 3}",2
234669,"{'minor': 4, 'major': 2}",0
234670,"{'minor': 0, 'major': 3}",2
234671,"{'minor': 4, 'major': 2}",2
234672,"{'minor': 4, 'major': 3}",1
234673,"{'minor': 1, 'major': 1}",3
234674,"{'minor': 0, 'major': 3}",3
234675,"{'minor': 5, 'major': 0}",1
234676,"{'minor': 3, 'major': 3}",2
234677,"{'minor': 3, 'major': 3}",2
234678,"{'minor': 1, 'major': 2}",1
234679,"{'minor': 4, 'major': 2}",3
234680,"{'minor': 4, 'major': 3}",0
234681,"{'minor': 4, 'major': 3}",3
234682,"{'minor': 6, 'major': 1}",0
234683,"{'minor': 0, 'major': 0}",3
234684,"{'minor': 2, 'major': 1}",3
234685,"{'minor': 0, 'major': 1}",1
234686,"{'minor': 1, 'major': 1}",3
234687,"{'minor': 0, 'major': 1}",0
234688,"{'minor': 6, 'major': 0}",1
234689,"{'minor': 0, 'major': 0}",0
234690,"{'minor': 6, 'major': 0}",2
234691,"{'minor': 0, 'major': 2}",1
234692,"{'minor': 0, 'major': 0}",2
234693,"{'minor': 0, 'major': 2}",3
234694,"{'minor': 3, 'major': 1}",1
234695,"{'minor': 5, 'major': 2}",3
234696,"{'minor': 3, 'major': 0}",1
234697,"{'minor': 3, 'major': 0}",0
234698,"{'minor': 1, 'major': 3}",1
234699,"{'minor': 3, 'major': 1}",0
234700,"{'minor': 2, 'major': 1}",2
234701,"{'minor': 6, 'major': 2}",2
234702,"{'minor': 4, 'major': 0}",0
234703,"{'minor': 2, 'major': 3}",2
234704,"{'minor': 2, 'major': 1}",1
234705,"{'minor': 4, 'major': 2}",1
234706,"{'minor': 0, 'major': 0}",0
234707,"{'minor': 2, 'major': 1}",0
234708,"{'minor': 6, 'major': 3}",1
234709,"{'minor': 5, 'major': 1}",2
234710,"{'minor': 0, 'major': 0}",2
234711,"{'minor': 5, 'major': 0}",1
234712,"{'minor': 3, 'major': 0}",2
234713,"{'minor': 0, 'major': 1}",1
234714,"{'minor': 5, 'major': 3}",2
234715,"{'minor': 6, 'major': 1}",2
234716,"{'minor': 5, 'major': 3}",3
234717,"{'minor': 6, 'major': 1}",3
234718,"{'minor': 3, 'major': 0}",3
234719,"{'minor': 0, 'major': 0}",0
234720,"{'minor': 2, 'major': 1}",0
234721,"{'minor': 5, 'major': 0}",2
234722,"{'minor': 3, 'major': 2}",2
234723,"{'minor': 4, 'major': 0}",1
234724,"{'minor': 6, 'major': 0}",1
234725,"{'minor': 5, 'major': 1}",3
234726,"{'minor': 0, 'major': 0}",0
234727,"{'minor': 6, 'major': 0}",0
234728,"{'minor': 3, 'major': 3}",2
234729,"{'minor': 4, 'major': 3}",0
234730,"{'minor': 2, 'major': 0}",2
234731,"{'minor': 3, 'major': 2}",1
234732,"{'minor': 4, 'major': 1}",3
234733,"{'minor': 4, 'major': 3}",1
234734,"{'minor': 3, 'major': 2}",0
234735,"{'minor': 2, 'major': 0}",3
234736,"{'minor': 3, 'major': 3}",3
234737,"{'minor': 6, 'major': 3}",2
234738,"{'minor': 1, 'major': 3}",3
234739,"{'minor': 0, 'major': 3}",3
234740,"{'minor': 5, 'major': 3}",1
234741,"{'minor': 3, 'major': 3}",1
234742,"{'minor': 5, 'major': 3}",3
234743,"{'minor': 3, 'major': 3}",0
234744,"{'minor': 1, 'major': 1}",0
234745,"{'minor': 6, 'major': 0}",2
234746,"{'minor': 4, 'major': 1}",0
234747,"{'minor': 4, 'major': 0}",2
234748,"{'minor': 4, 'major': 0}",1
234749,"{'minor': 6, 'major': 0}",3
234750,"{'minor': 3, 'major': 3}",3
234751,"{'minor': 5, 'major': 0}",3
234752,"{'minor': 0, 'major': 0}",0
234753,"{'minor': 5, 'major': 2}",0
234754,"{'minor': 6, 'major': 1}",0
234755,"{'minor': 0, 'major': 1}",2
234756,"{'minor': 6, 'major': 1}",1
234757,"{'minor': 2, 'major': 3}",3
234758,"{'minor': 4, 'major': 0}",3
234759,"{'minor': 1, 'major': 2}",0
234760,"{'minor': 0, 'major': 3}",3
234761,"{'minor': 6, 'major': 1}",3
234762,"{'minor': 4, 'major': 3}",2
234763,"{'minor': 5, 'major': 0}",1
234764,"{'minor': 3, 'major': 3}",0
234765,"{'minor': 5, 'major': 1}",2
234766,"{'minor': 2, 'major': 0}",2
234767,"{'minor': 0, 'major': 1}",3
234768,"{'minor': 0, 'major': 2}",0
234769,"{'minor': 4, 'major': 1}",0
234770,"{'minor': 0, 'major': 2}",1
234771,"{'minor': 4, 'major': 1}",2
234772,"{'minor': 3, 'major': 2}",2
234773,"{'minor': 1, 'major': 2}",0
234774,"{'minor': 6, 'major': 1}",1
234775,"{'minor': 1, 'major': 1}",1
234776,"{'minor': 6, 'major': 2}",3
234777,"{'minor': 0, 'major': 0}",3
234778,"{'minor': 5, 'major': 1}",3
234779,"{'minor': 0, 'major': 2}",3
234780,"{'minor': 1, 'major': 2}",2
234781,"{'minor': 0, 'major': 3}",1
234782,"{'minor': 2, 'major': 0}",1
234783,"{'minor': 1, 'major': 2}",3
234784,"{'minor': 0, 'major': 1}",0
234785,"{'minor': 4, 'major': 1}",1
234786,"{'minor': 3, 'major': 1}",3
234787,"{'minor': 2, 'major': 3}",1
234788,"{'minor': 1, 'major': 3}",0
234789,"{'minor': 4, 'major': 1}",0
234790,"{'minor': 4, 'major': 0}",3
234791,"{'minor': 5, 'major': 3}",1
234792,"{'minor': 2, 'major': 0}",2
234793,"{'minor': 3, 'major': 1}",2
234794,"{'minor': 1, 'major': 1}",1
234795,"{'minor': 2, 'major': 2}",3
234796,"{'minor': 2, 'major': 2}",1
234797,"{'minor': 6, 'major': 3}",0
234798,"{'minor': 4, 'major': 0}",0
234799,"{'minor': 0, 'major': 1}",3
234800,"{'minor': 5, 'major': 3}",2
234801,"{'minor': 3, 'major': 3}",2
234802,"{'minor': 4, 'major': 0}",2
234803,"{'minor': 0, 'major': 3}",0
234804,"{'minor': 4, 'major': 0}",3
234805,"{'minor': 1, 'major': 1}",0
234806,"{'minor': 4, 'major': 2}",2
234807,"{'minor': 1, 'major': 2}",0
234808,"{'minor': 3, 'major': 3}",1
234809,"{'minor': 6, 'major': 3}",3
234810,"{'minor': 2, 'major': 2}",1
234811,"{'minor': 3, 'major': 0}",0
234812,"{'minor': 5, 'major': 0}",3
234813,"{'minor': 3, 'major': 3}",2
234814,"{'minor': 0, 'major': 0}",1
234815,"{'minor': 6, 'major': 2}",2
234816,"{'minor': 4, 'major': 0}",1
234817,"{'minor': 1, 'major': 1}",1
234818,"{'minor': 0, 'major': 2}",0
234819,"{'minor': 0, 'major': 0}",3
234820,"{'minor': 6, 'major': 0}",1
234821,"{'minor': 3, 'major': 0}",0
234822,"{'minor': 1, 'major': 1}",1
234823,"{'minor': 1, 'major': 1}",1
234824,"{'minor': 4, 'major': 1}",2
234825,"{'minor': 2, 'major': 2}",2
234826,"{'minor': 3, 'major': 2}",3
234827,"{'minor': 6, 'major': 2}",1
234828,"{'minor': 1, 'major': 1}",2
234829,"{'minor': 4, 'major': 0}",0
234830,"{'minor': 0, 'major': 1}",0
234831,"{'minor': 1, 'major': 2}",2
234832,"{'minor': 2, 'major': 3}",1
234833,"{'minor': 1, 'major': 1}",3
234834,"{'minor': 6, 'major': 2}",3
234835,"{'minor': 2, 'major': 2}",0
234836,"{'minor': 4, 'major': 0}",1
234837,"{'minor': 6, 'major': 1}",3
234838,"{'minor': 2, 'major': 3}",3
234839,"{'minor': 0, 'major': 3}",1
234840,"{'minor': 6, 'major': 3}",0
234841,"{'minor': 6, 'major': 1}",1
234842,"{'minor': 0, 'major': 0}",2
234843,"{'minor': 4, 'major': 2}",1
234844,"{'minor': 1, 'major': 1}",1
234845,"{'minor': 6, 'major': 0}",1
234846,"{'minor': 4, 'major': 1}",0
234847,"{'minor': 2, 'major': 1}",1
234848,"{'minor': 4, 'major': 1}",2
234849,"{'minor': 5, 'major': 1}",2
234850,"{'minor': 0, 'major': 3}",1
234851,"{'minor': 4, 'major': 1}",1
234852,"{'minor': 0, 'major': 0}",2
234853,"{'minor': 4, 'major': 2}",3
234854,"{'minor': 1, 'major': 1}",2
234855,"{'minor': 5, 'major': 1}",1
234856,"{'minor': 5, 'major': 2}",1
234857,"{'minor': 4, 'major': 2}",2
234858,"{'minor': 3, 'major': 0}",3
234859,"{'minor': 6, 'major': 3}",3
234860,"{'minor': 1, 'major': 3}",2
234861,"{'minor': 4, 'major': 0}",2
234862,"{'minor': 2, 'major': 2}",2
234863,"{'minor': 4, 'major': 0}",0
234864,"{'minor': 4, 'major': 0}",0
234865,"{'minor': 0, 'major': 3}",3
234866,"{'minor': 4, 'major': 3}",3
234867,"{'minor': 5, 'major': 3}",3
234868,"{'minor': 1, 'major': 0}",0
234869,"{'minor': 1, 'major': 0}",0
234870,"{'minor': 1, 'major': 3}",3
234871,"{'minor': 4, 'major': 0}",3
234872,"{'minor': 4, 'major': 2}",3
234873,"{'minor': 2, 'major': 0}",2
234874,"{'minor': 6, 'major': 2}",0
234875,"{'minor': 0, 'major': 1}",3
234876,"{'minor': 3, 'major': 0}",1
234877,"{'minor': 0, 'major': 0}",1
234878,"{'minor': 0, 'major': 2}",3
234879,"{'minor': 6, 'major': 0}",3
234880,"{'minor': 2, 'major': 0}",1
234881,"{'minor': 1, 'major': 1}",0
234882,"{'minor': 0, 'major': 3}",3
234883,"{'minor': 0, 'major': 2}",2
234884,"{'minor': 0, 'major': 2}",1
234885,"{'minor': 3, 'major': 1}",3
234886,"{'minor': 5, 'major': 2}",0
234887,"{'minor': 3, 'major': 1}",3
234888,"{'minor': 1, 'major': 0}",0
234889,"{'minor': 5, 'major': 2}",1
234890,"{'minor': 5, 'major': 1}",2
234891,"{'minor': 5, 'major': 0}",2
234892,"{'minor': 2, 'major': 2}",0
234893,"{'minor': 0, 'major': 0}",1
234894,"{'minor': 6, 'major': 0}",3
234895,"{'minor': 0, 'major': 1}",0
234896,"{'minor': 4, 'major': 3}",1
234897,"{'minor': 1, 'major': 2}",2
234898,"{'minor': 6, 'major': 2}",3
234899,"{'minor': 1, 'major': 0}",2
234900,"{'minor': 3, 'major': 0}",2
234901,"{'minor': 1, 'major': 2}",0
234902,"{'minor': 2, 'major': 1}",0
234903,"{'minor': 6, 'major': 3}",3
234904,"{'minor': 3, 'major': 2}",2
234905,"{'minor': 2, 'major': 3}",1
234906,"{'minor': 0, 'major': 1}",1
234907,"{'minor': 3, 'major': 1}",2
234908,"{'minor': 4, 'major': 1}",2
234909,"{'minor': 2, 'major': 3}",3
234910,"{'minor': 0, 'major': 1}",3
234911,"{'minor': 0, 'major': 1}",1
234912,"{'minor': 2, 'major': 3}",0
234913,"{'minor': 3, 'major': 0}",1
234914,"{'minor': 4, 'major': 3}",0
234915,"{'minor': 6, 'major': 2}",3
234916,"{'minor': 2, 'major': 0}",2
234917,"{'minor': 2, 'major': 3}",3
234918,"{'minor': 5, 'major': 2}",0
234919,"{'minor': 6, 'major': 2}",3
234920,"{'minor': 6, 'major': 2}",2
234921,"{'minor': 1, 'major': 1}",3
234922,"{'minor': 6, 'major': 3}",2
234923,"{'minor': 1, 'major': 1}",0
234924,"{'minor': 6, 'major': 2}",3
234925,"{'minor': 1, 'major': 1}",3
234926,"{'minor': 5, 'major': 3}",3
234927,"{'minor': 6, 'major': 2}",2
234928,"{'minor': 5, 'major': 2}",0
234929,"{'minor': 4, 'major': 0}",3
234930,"{'minor': 2, 'major': 2}",2
234931,"{'minor': 0, 'major': 1}",2
234932,"{'minor': 5, 'major': 1}",0
234933,"{'minor': 4, 'major': 2}",1
234934,"{'minor': 3, 'major': 1}",0
234935,"{'minor': 6, 'major': 0}",3
234936,"{'minor': 0, 'major': 0}",1
234937,"{'minor': 5, 'major': 0}",0
234938,"{'minor': 1, 'major': 0}",2
234939,"{'minor': 3, 'major': 3}",0
234940,"{'minor': 3, 'major': 2}",1
234941,"{'minor': 4, 'major': 1}",2
234942,"{'minor': 2, 'major': 2}",0
234943,"{'minor': 3, 'major': 2}",2
234944,"{'minor': 4, 'major': 1}",0
234945,"{'minor': 3, 'major': 0}",2
234946,"{'minor': 6, 'major': 2}",0
234947,"{'minor': 0, 'major': 2}",0
234948,"{'minor': 3, 'major': 1}",0
234949,"{'minor': 0, 'major': 2}",2
234950,"{'minor': 6, 'major': 1}",3
234951,"{'minor': 1, 'major': 0}",0
234952,"{'minor': 2, 'major': 2}",0
234953,"{'minor': 3, 'major': 0}",0
234954,"{'minor': 1, 'major': 2}",0
234955,"{'minor': 3, 'major': 0}",1
234956,"{'minor': 4, 'major': 3}",0
234957,"{'minor': 4, 'major': 2}",0
234958,"{'minor': 1, 'major': 1}",2
234959,"{'minor': 2, 'major': 3}",2
234960,"{'minor': 5, 'major': 3}",2
234961,"{'minor': 4, 'major': 3}",1
234962,"{'minor': 1, 'major': 3}",1
234963,"{'minor': 4, 'major': 3}",3
234964,"{'minor': 0, 'major': 2}",1
234965,"{'minor': 2, 'major': 3}",3
234966,"{'minor': 4, 'major': 2}",1
234967,"{'minor': 3, 'major': 0}",1
234968,"{'minor': 5, 'major': 0}",3
234969,"{'minor': 5, 'major': 2}",0
234970,"{'minor': 2, 'major': 1}",0
234971,"{'minor': 6, 'major': 0}",2
234972,"{'minor': 5, 'major': 1}",3
234973,"{'minor': 4, 'major': 0}",1
234974,"{'minor': 0, 'major': 1}",1
234975,"{'minor': 4, 'major': 2}",2
234976,"{'minor': 2, 'major': 2}",2
234977,"{'minor': 5, 'major': 1}",2
234978,"{'minor': 1, 'major': 0}",1
234979,"{'minor': 5, 'major': 0}",2
234980,"{'minor': 3, 'major': 1}",2
234981,"{'minor': 4, 'major': 2}",2
234982,"{'minor': 6, 'major': 0}",3
234983,"{'minor': 4, 'major': 1}",0
234984,"{'minor': 6, 'major': 3}",0
234985,"{'minor': 6, 'major': 2}",2
234986,"{'minor': 6, 'major': 0}",0
234987,"{'minor': 4, 'major': 1}",3
234988,"{'minor': 1, 'major': 3}",2
234989,"{'minor': 4, 'major': 3}",1
234990,"{'minor': 5, 'major': 2}",2
234991,"{'minor': 0, 'major': 3}",2
234992,"{'minor': 5, 'major': 3}",3
234993,"{'minor': 6, 'major': 3}",0
234994,"{'minor': 0, 'major': 1}",1
234995,"{'minor': 5, 'major': 1}",0
234996,"{'minor': 6, 'major': 3}",0
234997,"{'minor': 2, 'major': 1}",3
234998,"{'minor': 1, 'major': 2}",3
234999,"{'minor': 5, 'major': 1}",1
235000,"{'minor': 1, 'major': 2}",2
235001,"{'minor': 1, 'major': 0}",1
235002,"{'minor': 5, 'major': 3}",2
235003,"{'minor': 6, 'major': 0}",3
235004,"{'minor': 4, 'major': 0}",3
235005,"{'minor': 1, 'major': 0}",1
235006,"{'minor': 3, 'major': 1}",0
235007,"{'minor': 0, 'major': 0}",1
235008,"{'minor': 2, 'major': 1}",3
235009,"{'minor': 2, 'major': 1}",2
235010,"{'minor': 2, 'major': 0}",1
235011,"{'minor': 3, 'major': 1}",3
235012,"{'minor': 3, 'major': 2}",1
235013,"{'minor': 0, 'major': 3}",0
235014,"{'minor': 5, 'major': 3}",0
235015,"{'minor': 5, 'major': 2}",0
235016,"{'minor': 3, 'major': 2}",2
235017,"{'minor': 0, 'major': 1}",1
235018,"{'minor': 2, 'major': 0}",0
235019,"{'minor': 6, 'major': 3}",3
235020,"{'minor': 3, 'major': 0}",0
235021,"{'minor': 2, 'major': 3}",2
235022,"{'minor': 3, 'major': 1}",2
235023,"{'minor': 2, 'major': 1}",2
235024,"{'minor': 6, 'major': 3}",0
235025,"{'minor': 3, 'major': 3}",0
235026,"{'minor': 0, 'major': 0}",1
235027,"{'minor': 4, 'major': 0}",3
235028,"{'minor': 4, 'major': 0}",3
235029,"{'minor': 4, 'major': 2}",0
235030,"{'minor': 2, 'major': 3}",3
235031,"{'minor': 6, 'major': 1}",2
235032,"{'minor': 1, 'major': 1}",1
235033,"{'minor': 0, 'major': 3}",0
235034,"{'minor': 1, 'major': 0}",0
235035,"{'minor': 3, 'major': 2}",3
235036,"{'minor': 6, 'major': 1}",3
235037,"{'minor': 2, 'major': 3}",2
235038,"{'minor': 2, 'major': 1}",1
235039,"{'minor': 3, 'major': 0}",2
235040,"{'minor': 4, 'major': 0}",0
235041,"{'minor': 4, 'major': 3}",3
235042,"{'minor': 6, 'major': 2}",3
235043,"{'minor': 1, 'major': 2}",1
235044,"{'minor': 0, 'major': 0}",3
235045,"{'minor': 4, 'major': 0}",3
235046,"{'minor': 3, 'major': 2}",3
235047,"{'minor': 5, 'major': 0}",0
235048,"{'minor': 3, 'major': 0}",2
235049,"{'minor': 5, 'major': 1}",2
235050,"{'minor': 0, 'major': 0}",0
235051,"{'minor': 0, 'major': 2}",3
235052,"{'minor': 5, 'major': 2}",1
235053,"{'minor': 5, 'major': 1}",0
235054,"{'minor': 6, 'major': 2}",0
235055,"{'minor': 5, 'major': 1}",0
235056,"{'minor': 2, 'major': 2}",3
235057,"{'minor': 2, 'major': 2}",2
235058,"{'minor': 3, 'major': 2}",0
235059,"{'minor': 0, 'major': 3}",0
235060,"{'minor': 6, 'major': 2}",1
235061,"{'minor': 1, 'major': 3}",0
235062,"{'minor': 6, 'major': 2}",2
235063,"{'minor': 5, 'major': 0}",0
235064,"{'minor': 0, 'major': 0}",2
235065,"{'minor': 4, 'major': 1}",2
235066,"{'minor': 0, 'major': 3}",3
235067,"{'minor': 1, 'major': 0}",2
235068,"{'minor': 0, 'major': 2}",0
235069,"{'minor': 1, 'major': 0}",0
235070,"{'minor': 6, 'major': 1}",3
235071,"{'minor': 3, 'major': 1}",3
235072,"{'minor': 0, 'major': 1}",2
235073,"{'minor': 5, 'major': 0}",0
235074,"{'minor': 2, 'major': 2}",3
235075,"{'minor': 3, 'major': 0}",0
235076,"{'minor': 4, 'major': 2}",3
235077,"{'minor': 3, 'major': 1}",3
235078,"{'minor': 1, 'major': 1}",2
235079,"{'minor': 1, 'major': 2}",0
235080,"{'minor': 1, 'major': 0}",1
235081,"{'minor': 3, 'major': 3}",2
235082,"{'minor': 0, 'major': 3}",0
235083,"{'minor': 6, 'major': 1}",3
235084,"{'minor': 5, 'major': 3}",3
235085,"{'minor': 2, 'major': 2}",0
235086,"{'minor': 6, 'major': 0}",3
235087,"{'minor': 3, 'major': 2}",3
235088,"{'minor': 3, 'major': 3}",0
235089,"{'minor': 3, 'major': 0}",3
235090,"{'minor': 4, 'major': 3}",2
235091,"{'minor': 3, 'major': 3}",3
235092,"{'minor': 5, 'major': 1}",1
235093,"{'minor': 3, 'major': 3}",1
235094,"{'minor': 4, 'major': 2}",0
235095,"{'minor': 1, 'major': 3}",1
235096,"{'minor': 0, 'major': 1}",2
235097,"{'minor': 6, 'major': 1}",2
235098,"{'minor': 3, 'major': 1}",1
235099,"{'minor': 6, 'major': 3}",2
235100,"{'minor': 3, 'major': 0}",0
235101,"{'minor': 5, 'major': 3}",3
235102,"{'minor': 4, 'major': 1}",1
235103,"{'minor': 6, 'major': 3}",1
235104,"{'minor': 4, 'major': 2}",2
235105,"{'minor': 4, 'major': 0}",2
235106,"{'minor': 4, 'major': 0}",0
235107,"{'minor': 5, 'major': 3}",0
235108,"{'minor': 5, 'major': 2}",1
235109,"{'minor': 0, 'major': 3}",1
235110,"{'minor': 5, 'major': 3}",3
235111,"{'minor': 6, 'major': 1}",1
235112,"{'minor': 4, 'major': 1}",3
235113,"{'minor': 0, 'major': 2}",1
235114,"{'minor': 4, 'major': 0}",0
235115,"{'minor': 5, 'major': 1}",2
235116,"{'minor': 0, 'major': 2}",1
235117,"{'minor': 0, 'major': 1}",3
235118,"{'minor': 5, 'major': 3}",2
235119,"{'minor': 6, 'major': 2}",0
235120,"{'minor': 4, 'major': 0}",1
235121,"{'minor': 3, 'major': 3}",1
235122,"{'minor': 6, 'major': 0}",2
235123,"{'minor': 1, 'major': 0}",3
235124,"{'minor': 6, 'major': 3}",2
235125,"{'minor': 2, 'major': 3}",2
235126,"{'minor': 3, 'major': 2}",0
235127,"{'minor': 3, 'major': 3}",3
235128,"{'minor': 5, 'major': 0}",1
235129,"{'minor': 3, 'major': 2}",1
235130,"{'minor': 5, 'major': 3}",1
235131,"{'minor': 6, 'major': 2}",1
235132,"{'minor': 0, 'major': 1}",2
235133,"{'minor': 4, 'major': 3}",0
235134,"{'minor': 0, 'major': 2}",0
235135,"{'minor': 2, 'major': 3}",2
235136,"{'minor': 5, 'major': 3}",2
235137,"{'minor': 1, 'major': 3}",2
235138,"{'minor': 1, 'major': 0}",0
235139,"{'minor': 3, 'major': 3}",0
235140,"{'minor': 0, 'major': 3}",2
235141,"{'minor': 5, 'major': 0}",0
235142,"{'minor': 2, 'major': 0}",1
235143,"{'minor': 1, 'major': 2}",0
235144,"{'minor': 2, 'major': 2}",3
235145,"{'minor': 1, 'major': 0}",2
235146,"{'minor': 2, 'major': 3}",3
235147,"{'minor': 0, 'major': 2}",3
235148,"{'minor': 6, 'major': 0}",2
235149,"{'minor': 0, 'major': 3}",3
235150,"{'minor': 6, 'major': 2}",3
235151,"{'minor': 4, 'major': 3}",1
235152,"{'minor': 3, 'major': 3}",3
235153,"{'minor': 4, 'major': 1}",2
235154,"{'minor': 3, 'major': 1}",3
235155,"{'minor': 1, 'major': 0}",0
235156,"{'minor': 1, 'major': 1}",2
235157,"{'minor': 4, 'major': 1}",3
235158,"{'minor': 1, 'major': 3}",2
235159,"{'minor': 4, 'major': 3}",0
235160,"{'minor': 2, 'major': 3}",1
235161,"{'minor': 6, 'major': 0}",0
235162,"{'minor': 0, 'major': 1}",0
235163,"{'minor': 4, 'major': 0}",3
235164,"{'minor': 1, 'major': 2}",3
235165,"{'minor': 1, 'major': 2}",1
235166,"{'minor': 1, 'major': 2}",3
235167,"{'minor': 1, 'major': 3}",0
235168,"{'minor': 4, 'major': 1}",3
235169,"{'minor': 1, 'major': 0}",2
235170,"{'minor': 1, 'major': 0}",2
235171,"{'minor': 3, 'major': 1}",0
235172,"{'minor': 1, 'major': 0}",3
235173,"{'minor': 0, 'major': 0}",2
235174,"{'minor': 0, 'major': 3}",1
235175,"{'minor': 5, 'major': 2}",3
235176,"{'minor': 1, 'major': 0}",3
235177,"{'minor': 2, 'major': 1}",1
235178,"{'minor': 2, 'major': 0}",3
235179,"{'minor': 2, 'major': 0}",0
235180,"{'minor': 2, 'major': 3}",3
235181,"{'minor': 6, 'major': 2}",0
235182,"{'minor': 4, 'major': 2}",1
235183,"{'minor': 5, 'major': 2}",0
235184,"{'minor': 2, 'major': 3}",2
235185,"{'minor': 6, 'major': 2}",2
235186,"{'minor': 2, 'major': 2}",2
235187,"{'minor': 3, 'major': 1}",2
235188,"{'minor': 1, 'major': 1}",1
235189,"{'minor': 4, 'major': 3}",2
235190,"{'minor': 3, 'major': 2}",2
235191,"{'minor': 6, 'major': 1}",1
235192,"{'minor': 6, 'major': 2}",3
235193,"{'minor': 6, 'major': 2}",1
235194,"{'minor': 2, 'major': 3}",3
235195,"{'minor': 5, 'major': 3}",0
235196,"{'minor': 3, 'major': 3}",2
235197,"{'minor': 2, 'major': 0}",2
235198,"{'minor': 2, 'major': 1}",1
235199,"{'minor': 5, 'major': 2}",2
235200,"{'minor': 6, 'major': 3}",2
235201,"{'minor': 3, 'major': 2}",0
235202,"{'minor': 4, 'major': 1}",3
235203,"{'minor': 0, 'major': 0}",1
235204,"{'minor': 5, 'major': 3}",0
235205,"{'minor': 3, 'major': 0}",1
235206,"{'minor': 6, 'major': 3}",0
235207,"{'minor': 3, 'major': 2}",1
235208,"{'minor': 2, 'major': 0}",3
235209,"{'minor': 3, 'major': 1}",0
235210,"{'minor': 5, 'major': 2}",3
235211,"{'minor': 0, 'major': 1}",0
235212,"{'minor': 5, 'major': 3}",0
235213,"{'minor': 4, 'major': 1}",0
235214,"{'minor': 6, 'major': 0}",3
235215,"{'minor': 5, 'major': 3}",2
235216,"{'minor': 2, 'major': 1}",3
235217,"{'minor': 6, 'major': 3}",1
235218,"{'minor': 1, 'major': 1}",3
235219,"{'minor': 2, 'major': 1}",3
235220,"{'minor': 0, 'major': 1}",0
235221,"{'minor': 4, 'major': 0}",2
235222,"{'minor': 0, 'major': 3}",3
235223,"{'minor': 5, 'major': 2}",1
235224,"{'minor': 0, 'major': 2}",3
235225,"{'minor': 2, 'major': 0}",1
235226,"{'minor': 3, 'major': 1}",0
235227,"{'minor': 3, 'major': 3}",3
235228,"{'minor': 2, 'major': 0}",2
235229,"{'minor': 6, 'major': 3}",3
235230,"{'minor': 3, 'major': 0}",0
235231,"{'minor': 0, 'major': 0}",0
235232,"{'minor': 2, 'major': 3}",1
235233,"{'minor': 2, 'major': 0}",3
235234,"{'minor': 6, 'major': 0}",3
235235,"{'minor': 1, 'major': 2}",0
235236,"{'minor': 0, 'major': 3}",2
235237,"{'minor': 0, 'major': 1}",0
235238,"{'minor': 2, 'major': 1}",1
235239,"{'minor': 2, 'major': 0}",1
235240,"{'minor': 3, 'major': 2}",2
235241,"{'minor': 2, 'major': 0}",3
235242,"{'minor': 5, 'major': 3}",0
235243,"{'minor': 2, 'major': 2}",0
235244,"{'minor': 2, 'major': 2}",0
235245,"{'minor': 0, 'major': 1}",2
235246,"{'minor': 0, 'major': 1}",3
235247,"{'minor': 5, 'major': 1}",2
235248,"{'minor': 4, 'major': 1}",0
235249,"{'minor': 0, 'major': 3}",1
235250,"{'minor': 3, 'major': 1}",3
235251,"{'minor': 6, 'major': 0}",3
235252,"{'minor': 2, 'major': 3}",0
235253,"{'minor': 4, 'major': 1}",3
235254,"{'minor': 4, 'major': 3}",2
235255,"{'minor': 2, 'major': 2}",1
235256,"{'minor': 2, 'major': 1}",1
235257,"{'minor': 5, 'major': 0}",1
235258,"{'minor': 3, 'major': 1}",2
235259,"{'minor': 6, 'major': 0}",0
235260,"{'minor': 2, 'major': 2}",2
235261,"{'minor': 0, 'major': 1}",0
235262,"{'minor': 0, 'major': 2}",3
235263,"{'minor': 3, 'major': 2}",1
235264,"{'minor': 5, 'major': 3}",0
235265,"{'minor': 4, 'major': 1}",1
235266,"{'minor': 2, 'major': 1}",2
235267,"{'minor': 2, 'major': 1}",0
235268,"{'minor': 1, 'major': 0}",3
235269,"{'minor': 2, 'major': 1}",3
235270,"{'minor': 4, 'major': 1}",3
235271,"{'minor': 5, 'major': 3}",2
235272,"{'minor': 5, 'major': 0}",3
235273,"{'minor': 4, 'major': 3}",3
235274,"{'minor': 6, 'major': 2}",1
235275,"{'minor': 1, 'major': 1}",1
235276,"{'minor': 4, 'major': 3}",3
235277,"{'minor': 2, 'major': 0}",3
235278,"{'minor': 0, 'major': 3}",3
235279,"{'minor': 4, 'major': 1}",2
235280,"{'minor': 0, 'major': 3}",1
235281,"{'minor': 4, 'major': 1}",3
235282,"{'minor': 2, 'major': 0}",3
235283,"{'minor': 3, 'major': 3}",0
235284,"{'minor': 2, 'major': 1}",3
235285,"{'minor': 6, 'major': 0}",3
235286,"{'minor': 3, 'major': 3}",0
235287,"{'minor': 4, 'major': 2}",2
235288,"{'minor': 0, 'major': 1}",3
235289,"{'minor': 5, 'major': 2}",1
235290,"{'minor': 3, 'major': 3}",0
235291,"{'minor': 6, 'major': 0}",0
235292,"{'minor': 1, 'major': 1}",0
235293,"{'minor': 1, 'major': 0}",1
235294,"{'minor': 4, 'major': 2}",0
235295,"{'minor': 0, 'major': 0}",1
235296,"{'minor': 1, 'major': 0}",3
235297,"{'minor': 6, 'major': 0}",1
235298,"{'minor': 4, 'major': 0}",3
235299,"{'minor': 5, 'major': 3}",2
235300,"{'minor': 3, 'major': 1}",2
235301,"{'minor': 3, 'major': 1}",0
235302,"{'minor': 5, 'major': 0}",0
235303,"{'minor': 0, 'major': 1}",3
235304,"{'minor': 1, 'major': 1}",1
235305,"{'minor': 3, 'major': 1}",3
235306,"{'minor': 6, 'major': 2}",3
235307,"{'minor': 4, 'major': 0}",3
235308,"{'minor': 5, 'major': 2}",1
235309,"{'minor': 2, 'major': 0}",3
235310,"{'minor': 5, 'major': 3}",2
235311,"{'minor': 3, 'major': 3}",3
235312,"{'minor': 2, 'major': 1}",1
235313,"{'minor': 2, 'major': 2}",0
235314,"{'minor': 1, 'major': 0}",2
235315,"{'minor': 2, 'major': 0}",2
235316,"{'minor': 2, 'major': 2}",0
235317,"{'minor': 3, 'major': 1}",1
235318,"{'minor': 0, 'major': 1}",3
235319,"{'minor': 6, 'major': 1}",1
235320,"{'minor': 2, 'major': 3}",3
235321,"{'minor': 2, 'major': 2}",0
235322,"{'minor': 3, 'major': 2}",2
235323,"{'minor': 6, 'major': 3}",3
235324,"{'minor': 0, 'major': 0}",2
235325,"{'minor': 1, 'major': 3}",2
235326,"{'minor': 6, 'major': 3}",2
235327,"{'minor': 1, 'major': 2}",0
235328,"{'minor': 6, 'major': 0}",1
235329,"{'minor': 6, 'major': 3}",3
235330,"{'minor': 4, 'major': 2}",2
235331,"{'minor': 2, 'major': 2}",0
235332,"{'minor': 1, 'major': 2}",3
235333,"{'minor': 1, 'major': 3}",3
235334,"{'minor': 0, 'major': 3}",2
235335,"{'minor': 5, 'major': 0}",1
235336,"{'minor': 2, 'major': 1}",0
235337,"{'minor': 0, 'major': 1}",0
235338,"{'minor': 0, 'major': 1}",3
235339,"{'minor': 0, 'major': 1}",1
235340,"{'minor': 6, 'major': 2}",2
235341,"{'minor': 2, 'major': 3}",0
235342,"{'minor': 3, 'major': 1}",1
235343,"{'minor': 0, 'major': 3}",3
235344,"{'minor': 1, 'major': 0}",3
235345,"{'minor': 1, 'major': 1}",0
235346,"{'minor': 4, 'major': 2}",3
235347,"{'minor': 1, 'major': 3}",0
235348,"{'minor': 4, 'major': 0}",1
235349,"{'minor': 1, 'major': 1}",3
235350,"{'minor': 5, 'major': 1}",0
235351,"{'minor': 1, 'major': 3}",0
235352,"{'minor': 4, 'major': 1}",3
235353,"{'minor': 3, 'major': 3}",3
235354,"{'minor': 0, 'major': 1}",0
235355,"{'minor': 5, 'major': 1}",0
235356,"{'minor': 1, 'major': 2}",2
235357,"{'minor': 1, 'major': 2}",3
235358,"{'minor': 0, 'major': 3}",3
235359,"{'minor': 2, 'major': 0}",2
235360,"{'minor': 6, 'major': 1}",2
235361,"{'minor': 5, 'major': 1}",0
235362,"{'minor': 6, 'major': 2}",2
235363,"{'minor': 4, 'major': 1}",3
235364,"{'minor': 0, 'major': 2}",2
235365,"{'minor': 0, 'major': 1}",3
235366,"{'minor': 6, 'major': 1}",2
235367,"{'minor': 1, 'major': 3}",1
235368,"{'minor': 1, 'major': 3}",1
235369,"{'minor': 6, 'major': 0}",0
235370,"{'minor': 5, 'major': 0}",1
235371,"{'minor': 3, 'major': 1}",2
235372,"{'minor': 4, 'major': 2}",0
235373,"{'minor': 0, 'major': 2}",1
235374,"{'minor': 1, 'major': 2}",1
235375,"{'minor': 0, 'major': 3}",0
235376,"{'minor': 3, 'major': 2}",1
235377,"{'minor': 6, 'major': 1}",1
235378,"{'minor': 5, 'major': 0}",3
235379,"{'minor': 6, 'major': 1}",0
235380,"{'minor': 5, 'major': 0}",3
235381,"{'minor': 1, 'major': 3}",3
235382,"{'minor': 2, 'major': 3}",0
235383,"{'minor': 0, 'major': 2}",1
235384,"{'minor': 0, 'major': 2}",1
235385,"{'minor': 0, 'major': 0}",1
235386,"{'minor': 3, 'major': 3}",2
235387,"{'minor': 0, 'major': 1}",1
235388,"{'minor': 3, 'major': 2}",3
235389,"{'minor': 4, 'major': 3}",2
235390,"{'minor': 1, 'major': 3}",0
235391,"{'minor': 3, 'major': 3}",0
235392,"{'minor': 4, 'major': 1}",3
235393,"{'minor': 4, 'major': 3}",0
235394,"{'minor': 1, 'major': 3}",1
235395,"{'minor': 5, 'major': 1}",1
235396,"{'minor': 5, 'major': 0}",1
235397,"{'minor': 2, 'major': 0}",3
235398,"{'minor': 0, 'major': 2}",2
235399,"{'minor': 5, 'major': 2}",0
235400,"{'minor': 3, 'major': 1}",2
235401,"{'minor': 4, 'major': 0}",0
235402,"{'minor': 1, 'major': 1}",3
235403,"{'minor': 0, 'major': 3}",3
235404,"{'minor': 2, 'major': 2}",0
235405,"{'minor': 2, 'major': 3}",1
235406,"{'minor': 1, 'major': 0}",0
235407,"{'minor': 1, 'major': 1}",1
235408,"{'minor': 1, 'major': 1}",3
235409,"{'minor': 0, 'major': 1}",2
235410,"{'minor': 6, 'major': 2}",1
235411,"{'minor': 2, 'major': 3}",2
235412,"{'minor': 1, 'major': 3}",2
235413,"{'minor': 2, 'major': 1}",2
235414,"{'minor': 1, 'major': 3}",1
235415,"{'minor': 2, 'major': 3}",0
235416,"{'minor': 2, 'major': 0}",0
235417,"{'minor': 0, 'major': 3}",3
235418,"{'minor': 2, 'major': 0}",1
235419,"{'minor': 6, 'major': 1}",2
235420,"{'minor': 6, 'major': 1}",0
235421,"{'minor': 5, 'major': 3}",3
235422,"{'minor': 5, 'major': 0}",0
235423,"{'minor': 1, 'major': 0}",3
235424,"{'minor': 1, 'major': 1}",1
235425,"{'minor': 2, 'major': 2}",3
235426,"{'minor': 3, 'major': 3}",3
235427,"{'minor': 3, 'major': 1}",1
235428,"{'minor': 3, 'major': 3}",3
235429,"{'minor': 2, 'major': 3}",1
235430,"{'minor': 1, 'major': 0}",3
235431,"{'minor': 1, 'major': 3}",0
235432,"{'minor': 6, 'major': 2}",2
235433,"{'minor': 5, 'major': 2}",3
235434,"{'minor': 3, 'major': 2}",1
235435,"{'minor': 0, 'major': 2}",0
235436,"{'minor': 1, 'major': 0}",1
235437,"{'minor': 4, 'major': 1}",2
235438,"{'minor': 4, 'major': 3}",1
235439,"{'minor': 0, 'major': 0}",1
235440,"{'minor': 1, 'major': 0}",3
235441,"{'minor': 3, 'major': 1}",3
235442,"{'minor': 2, 'major': 0}",0
235443,"{'minor': 1, 'major': 2}",1
235444,"{'minor': 1, 'major': 3}",3
235445,"{'minor': 6, 'major': 2}",2
235446,"{'minor': 3, 'major': 3}",2
235447,"{'minor': 5, 'major': 3}",0
235448,"{'minor': 0, 'major': 3}",3
235449,"{'minor': 2, 'major': 0}",2
235450,"{'minor': 0, 'major': 0}",3
235451,"{'minor': 4, 'major': 0}",1
235452,"{'minor': 2, 'major': 1}",0
235453,"{'minor': 6, 'major': 1}",3
235454,"{'minor': 2, 'major': 0}",1
235455,"{'minor': 6, 'major': 0}",3
235456,"{'minor': 6, 'major': 3}",2
235457,"{'minor': 1, 'major': 2}",0
235458,"{'minor': 6, 'major': 2}",2
235459,"{'minor': 3, 'major': 1}",3
235460,"{'minor': 5, 'major': 2}",0
235461,"{'minor': 4, 'major': 0}",1
235462,"{'minor': 5, 'major': 0}",1
235463,"{'minor': 2, 'major': 1}",1
235464,"{'minor': 1, 'major': 2}",0
235465,"{'minor': 4, 'major': 2}",2
235466,"{'minor': 0, 'major': 0}",2
235467,"{'minor': 6, 'major': 0}",1
235468,"{'minor': 5, 'major': 3}",1
235469,"{'minor': 6, 'major': 1}",0
235470,"{'minor': 5, 'major': 0}",2
235471,"{'minor': 0, 'major': 1}",2
235472,"{'minor': 6, 'major': 3}",1
235473,"{'minor': 5, 'major': 1}",1
235474,"{'minor': 6, 'major': 1}",2
235475,"{'minor': 2, 'major': 2}",0
235476,"{'minor': 6, 'major': 2}",0
235477,"{'minor': 0, 'major': 1}",0
235478,"{'minor': 0, 'major': 2}",2
235479,"{'minor': 6, 'major': 0}",2
235480,"{'minor': 1, 'major': 3}",1
235481,"{'minor': 2, 'major': 2}",3
235482,"{'minor': 0, 'major': 0}",1
235483,"{'minor': 1, 'major': 2}",2
235484,"{'minor': 3, 'major': 3}",1
235485,"{'minor': 0, 'major': 2}",3
235486,"{'minor': 5, 'major': 0}",2
235487,"{'minor': 3, 'major': 2}",3
235488,"{'minor': 1, 'major': 3}",2
235489,"{'minor': 4, 'major': 3}",0
235490,"{'minor': 3, 'major': 3}",2
235491,"{'minor': 3, 'major': 1}",0
235492,"{'minor': 4, 'major': 1}",3
235493,"{'minor': 5, 'major': 0}",3
235494,"{'minor': 2, 'major': 2}",0
235495,"{'minor': 3, 'major': 0}",3
235496,"{'minor': 2, 'major': 3}",3
235497,"{'minor': 4, 'major': 1}",1
235498,"{'minor': 1, 'major': 3}",1
235499,"{'minor': 4, 'major': 0}",3
235500,"{'minor': 4, 'major': 3}",0
235501,"{'minor': 1, 'major': 1}",1
235502,"{'minor': 1, 'major': 3}",0
235503,"{'minor': 1, 'major': 1}",1
235504,"{'minor': 4, 'major': 2}",2
235505,"{'minor': 2, 'major': 2}",1
235506,"{'minor': 2, 'major': 3}",0
235507,"{'minor': 2, 'major': 3}",0
235508,"{'minor': 3, 'major': 2}",2
235509,"{'minor': 6, 'major': 2}",0
235510,"{'minor': 0, 'major': 0}",1
235511,"{'minor': 0, 'major': 2}",3
235512,"{'minor': 3, 'major': 1}",2
235513,"{'minor': 3, 'major': 3}",3
235514,"{'minor': 1, 'major': 0}",3
235515,"{'minor': 0, 'major': 2}",1
235516,"{'minor': 2, 'major': 1}",0
235517,"{'minor': 1, 'major': 1}",2
235518,"{'minor': 5, 'major': 2}",0
235519,"{'minor': 2, 'major': 3}",0
235520,"{'minor': 4, 'major': 2}",2
235521,"{'minor': 4, 'major': 3}",2
235522,"{'minor': 2, 'major': 1}",1
235523,"{'minor': 5, 'major': 0}",0
235524,"{'minor': 5, 'major': 1}",0
235525,"{'minor': 3, 'major': 2}",0
235526,"{'minor': 0, 'major': 1}",1
235527,"{'minor': 4, 'major': 0}",0
235528,"{'minor': 4, 'major': 2}",1
235529,"{'minor': 6, 'major': 3}",0
235530,"{'minor': 2, 'major': 1}",2
235531,"{'minor': 4, 'major': 0}",1
235532,"{'minor': 2, 'major': 1}",2
235533,"{'minor': 1, 'major': 3}",2
235534,"{'minor': 6, 'major': 0}",1
235535,"{'minor': 3, 'major': 2}",2
235536,"{'minor': 2, 'major': 3}",2
235537,"{'minor': 5, 'major': 3}",2
235538,"{'minor': 1, 'major': 3}",3
235539,"{'minor': 3, 'major': 0}",0
235540,"{'minor': 0, 'major': 1}",0
235541,"{'minor': 1, 'major': 1}",2
235542,"{'minor': 2, 'major': 3}",1
235543,"{'minor': 5, 'major': 2}",0
235544,"{'minor': 4, 'major': 1}",0
235545,"{'minor': 2, 'major': 2}",0
235546,"{'minor': 3, 'major': 0}",3
235547,"{'minor': 0, 'major': 0}",3
235548,"{'minor': 0, 'major': 3}",2
235549,"{'minor': 0, 'major': 0}",2
235550,"{'minor': 5, 'major': 0}",2
235551,"{'minor': 4, 'major': 3}",1
235552,"{'minor': 6, 'major': 3}",1
235553,"{'minor': 6, 'major': 3}",0
235554,"{'minor': 4, 'major': 1}",0
235555,"{'minor': 0, 'major': 0}",1
235556,"{'minor': 2, 'major': 1}",2
235557,"{'minor': 3, 'major': 3}",0
235558,"{'minor': 5, 'major': 2}",1
235559,"{'minor': 0, 'major': 0}",2
235560,"{'minor': 2, 'major': 0}",3
235561,"{'minor': 3, 'major': 1}",3
235562,"{'minor': 3, 'major': 2}",1
235563,"{'minor': 5, 'major': 2}",1
235564,"{'minor': 1, 'major': 0}",0
235565,"{'minor': 0, 'major': 0}",1
235566,"{'minor': 6, 'major': 1}",2
235567,"{'minor': 4, 'major': 3}",3
235568,"{'minor': 4, 'major': 3}",1
235569,"{'minor': 1, 'major': 2}",2
235570,"{'minor': 5, 'major': 3}",3
235571,"{'minor': 3, 'major': 2}",3
235572,"{'minor': 5, 'major': 1}",3
235573,"{'minor': 3, 'major': 0}",1
235574,"{'minor': 5, 'major': 1}",3
235575,"{'minor': 2, 'major': 2}",2
235576,"{'minor': 5, 'major': 2}",0
235577,"{'minor': 0, 'major': 3}",3
235578,"{'minor': 2, 'major': 0}",0
235579,"{'minor': 1, 'major': 2}",3
235580,"{'minor': 1, 'major': 1}",0
235581,"{'minor': 3, 'major': 2}",0
235582,"{'minor': 6, 'major': 0}",3
235583,"{'minor': 4, 'major': 0}",2
235584,"{'minor': 2, 'major': 0}",1
235585,"{'minor': 6, 'major': 3}",2
235586,"{'minor': 0, 'major': 1}",2
235587,"{'minor': 6, 'major': 3}",3
235588,"{'minor': 0, 'major': 1}",0
235589,"{'minor': 2, 'major': 2}",3
235590,"{'minor': 3, 'major': 3}",3
235591,"{'minor': 0, 'major': 0}",3
235592,"{'minor': 5, 'major': 2}",0
235593,"{'minor': 6, 'major': 1}",3
235594,"{'minor': 3, 'major': 0}",0
235595,"{'minor': 4, 'major': 0}",1
235596,"{'minor': 5, 'major': 0}",2
235597,"{'minor': 3, 'major': 3}",0
235598,"{'minor': 1, 'major': 1}",1
235599,"{'minor': 3, 'major': 1}",2
235600,"{'minor': 4, 'major': 0}",2
235601,"{'minor': 6, 'major': 1}",2
235602,"{'minor': 5, 'major': 1}",0
235603,"{'minor': 3, 'major': 2}",3
235604,"{'minor': 1, 'major': 2}",0
235605,"{'minor': 0, 'major': 3}",3
235606,"{'minor': 3, 'major': 2}",0
235607,"{'minor': 0, 'major': 3}",2
235608,"{'minor': 3, 'major': 2}",3
235609,"{'minor': 3, 'major': 2}",0
235610,"{'minor': 0, 'major': 1}",1
235611,"{'minor': 6, 'major': 1}",3
235612,"{'minor': 6, 'major': 1}",1
235613,"{'minor': 1, 'major': 3}",0
235614,"{'minor': 5, 'major': 1}",3
235615,"{'minor': 6, 'major': 2}",0
235616,"{'minor': 6, 'major': 0}",1
235617,"{'minor': 2, 'major': 1}",0
235618,"{'minor': 0, 'major': 2}",1
235619,"{'minor': 1, 'major': 1}",0
235620,"{'minor': 2, 'major': 1}",3
235621,"{'minor': 0, 'major': 0}",2
235622,"{'minor': 4, 'major': 1}",2
235623,"{'minor': 0, 'major': 1}",1
235624,"{'minor': 4, 'major': 3}",2
235625,"{'minor': 1, 'major': 0}",1
235626,"{'minor': 0, 'major': 0}",3
235627,"{'minor': 1, 'major': 0}",3
235628,"{'minor': 0, 'major': 1}",2
235629,"{'minor': 2, 'major': 1}",3
235630,"{'minor': 5, 'major': 1}",2
235631,"{'minor': 2, 'major': 1}",3
235632,"{'minor': 1, 'major': 3}",0
235633,"{'minor': 0, 'major': 0}",1
235634,"{'minor': 0, 'major': 2}",3
235635,"{'minor': 3, 'major': 2}",0
235636,"{'minor': 5, 'major': 3}",1
235637,"{'minor': 4, 'major': 0}",3
235638,"{'minor': 1, 'major': 1}",2
235639,"{'minor': 0, 'major': 0}",3
235640,"{'minor': 6, 'major': 0}",3
235641,"{'minor': 3, 'major': 3}",1
235642,"{'minor': 3, 'major': 3}",3
235643,"{'minor': 3, 'major': 2}",3
235644,"{'minor': 0, 'major': 3}",1
235645,"{'minor': 5, 'major': 0}",1
235646,"{'minor': 0, 'major': 0}",2
235647,"{'minor': 6, 'major': 1}",0
235648,"{'minor': 4, 'major': 3}",2
235649,"{'minor': 3, 'major': 1}",1
235650,"{'minor': 4, 'major': 0}",1
235651,"{'minor': 0, 'major': 1}",3
235652,"{'minor': 2, 'major': 2}",0
235653,"{'minor': 4, 'major': 0}",3
235654,"{'minor': 3, 'major': 0}",2
235655,"{'minor': 2, 'major': 0}",1
235656,"{'minor': 6, 'major': 1}",0
235657,"{'minor': 6, 'major': 2}",0
235658,"{'minor': 5, 'major': 2}",1
235659,"{'minor': 5, 'major': 1}",2
235660,"{'minor': 1, 'major': 1}",0
235661,"{'minor': 5, 'major': 0}",0
235662,"{'minor': 1, 'major': 1}",0
235663,"{'minor': 4, 'major': 0}",0
235664,"{'minor': 4, 'major': 1}",3
235665,"{'minor': 3, 'major': 2}",2
235666,"{'minor': 1, 'major': 2}",3
235667,"{'minor': 1, 'major': 2}",3
235668,"{'minor': 0, 'major': 3}",1
235669,"{'minor': 3, 'major': 1}",1
235670,"{'minor': 3, 'major': 2}",3
235671,"{'minor': 0, 'major': 1}",1
235672,"{'minor': 1, 'major': 2}",0
235673,"{'minor': 2, 'major': 3}",2
235674,"{'minor': 0, 'major': 1}",1
235675,"{'minor': 2, 'major': 2}",2
235676,"{'minor': 4, 'major': 2}",1
235677,"{'minor': 6, 'major': 1}",2
235678,"{'minor': 4, 'major': 3}",1
235679,"{'minor': 6, 'major': 0}",3
235680,"{'minor': 4, 'major': 3}",1
235681,"{'minor': 0, 'major': 3}",0
235682,"{'minor': 5, 'major': 1}",2
235683,"{'minor': 6, 'major': 1}",0
235684,"{'minor': 4, 'major': 2}",2
235685,"{'minor': 0, 'major': 0}",2
235686,"{'minor': 1, 'major': 2}",3
235687,"{'minor': 1, 'major': 3}",3
235688,"{'minor': 4, 'major': 0}",1
235689,"{'minor': 5, 'major': 0}",2
235690,"{'minor': 2, 'major': 2}",1
235691,"{'minor': 0, 'major': 0}",0
235692,"{'minor': 0, 'major': 2}",3
235693,"{'minor': 6, 'major': 1}",3
235694,"{'minor': 2, 'major': 0}",3
235695,"{'minor': 4, 'major': 0}",0
235696,"{'minor': 3, 'major': 3}",2
235697,"{'minor': 2, 'major': 0}",2
235698,"{'minor': 4, 'major': 2}",1
235699,"{'minor': 5, 'major': 3}",1
235700,"{'minor': 6, 'major': 3}",2
235701,"{'minor': 1, 'major': 1}",1
235702,"{'minor': 6, 'major': 1}",0
235703,"{'minor': 5, 'major': 3}",1
235704,"{'minor': 4, 'major': 1}",3
235705,"{'minor': 2, 'major': 2}",3
235706,"{'minor': 0, 'major': 1}",3
235707,"{'minor': 2, 'major': 2}",2
235708,"{'minor': 2, 'major': 2}",2
235709,"{'minor': 2, 'major': 3}",0
235710,"{'minor': 0, 'major': 3}",2
235711,"{'minor': 0, 'major': 2}",2
235712,"{'minor': 2, 'major': 2}",2
235713,"{'minor': 6, 'major': 2}",2
235714,"{'minor': 1, 'major': 3}",0
235715,"{'minor': 3, 'major': 1}",1
235716,"{'minor': 6, 'major': 1}",2
235717,"{'minor': 1, 'major': 1}",0
235718,"{'minor': 3, 'major': 1}",0
235719,"{'minor': 4, 'major': 0}",0
235720,"{'minor': 2, 'major': 1}",2
235721,"{'minor': 1, 'major': 0}",3
235722,"{'minor': 2, 'major': 2}",1
235723,"{'minor': 5, 'major': 1}",2
235724,"{'minor': 6, 'major': 1}",3
235725,"{'minor': 2, 'major': 3}",1
235726,"{'minor': 3, 'major': 0}",1
235727,"{'minor': 5, 'major': 2}",1
235728,"{'minor': 4, 'major': 2}",2
235729,"{'minor': 3, 'major': 0}",1
235730,"{'minor': 4, 'major': 1}",2
235731,"{'minor': 1, 'major': 3}",2
235732,"{'minor': 4, 'major': 0}",0
235733,"{'minor': 6, 'major': 1}",2
235734,"{'minor': 5, 'major': 0}",1
235735,"{'minor': 4, 'major': 3}",0
235736,"{'minor': 0, 'major': 3}",1
235737,"{'minor': 4, 'major': 0}",1
235738,"{'minor': 3, 'major': 2}",3
235739,"{'minor': 2, 'major': 1}",1
235740,"{'minor': 4, 'major': 0}",3
235741,"{'minor': 0, 'major': 2}",2
235742,"{'minor': 1, 'major': 1}",2
235743,"{'minor': 4, 'major': 2}",0
235744,"{'minor': 0, 'major': 3}",3
235745,"{'minor': 4, 'major': 2}",1
235746,"{'minor': 4, 'major': 3}",1
235747,"{'minor': 0, 'major': 0}",0
235748,"{'minor': 6, 'major': 2}",3
235749,"{'minor': 2, 'major': 3}",2
235750,"{'minor': 2, 'major': 3}",1
235751,"{'minor': 6, 'major': 3}",3
235752,"{'minor': 3, 'major': 0}",2
235753,"{'minor': 2, 'major': 0}",3
235754,"{'minor': 3, 'major': 0}",2
235755,"{'minor': 3, 'major': 0}",1
235756,"{'minor': 1, 'major': 2}",3
235757,"{'minor': 5, 'major': 3}",3
235758,"{'minor': 0, 'major': 1}",3
235759,"{'minor': 3, 'major': 3}",3
235760,"{'minor': 0, 'major': 2}",2
235761,"{'minor': 1, 'major': 1}",1
235762,"{'minor': 2, 'major': 3}",3
235763,"{'minor': 5, 'major': 0}",2
235764,"{'minor': 6, 'major': 3}",2
235765,"{'minor': 3, 'major': 2}",2
235766,"{'minor': 1, 'major': 0}",2
235767,"{'minor': 1, 'major': 3}",2
235768,"{'minor': 1, 'major': 3}",1
235769,"{'minor': 5, 'major': 3}",2
235770,"{'minor': 4, 'major': 1}",0
235771,"{'minor': 1, 'major': 1}",2
235772,"{'minor': 0, 'major': 1}",2
235773,"{'minor': 3, 'major': 3}",0
235774,"{'minor': 2, 'major': 1}",0
235775,"{'minor': 5, 'major': 2}",2
235776,"{'minor': 5, 'major': 2}",2
235777,"{'minor': 4, 'major': 2}",3
235778,"{'minor': 5, 'major': 0}",0
235779,"{'minor': 0, 'major': 1}",2
235780,"{'minor': 4, 'major': 0}",3
235781,"{'minor': 4, 'major': 1}",3
235782,"{'minor': 6, 'major': 3}",2
235783,"{'minor': 1, 'major': 3}",3
235784,"{'minor': 5, 'major': 0}",0
235785,"{'minor': 5, 'major': 3}",2
235786,"{'minor': 4, 'major': 1}",2
235787,"{'minor': 5, 'major': 1}",1
235788,"{'minor': 1, 'major': 0}",2
235789,"{'minor': 1, 'major': 0}",3
235790,"{'minor': 5, 'major': 1}",2
235791,"{'minor': 2, 'major': 3}",2
235792,"{'minor': 0, 'major': 2}",2
235793,"{'minor': 6, 'major': 0}",1
235794,"{'minor': 4, 'major': 2}",1
235795,"{'minor': 4, 'major': 1}",3
235796,"{'minor': 2, 'major': 3}",3
235797,"{'minor': 5, 'major': 2}",3
235798,"{'minor': 6, 'major': 0}",1
235799,"{'minor': 6, 'major': 0}",0
235800,"{'minor': 4, 'major': 1}",3
235801,"{'minor': 0, 'major': 0}",0
235802,"{'minor': 5, 'major': 0}",1
235803,"{'minor': 2, 'major': 0}",1
235804,"{'minor': 1, 'major': 0}",0
235805,"{'minor': 4, 'major': 3}",2
235806,"{'minor': 0, 'major': 0}",3
235807,"{'minor': 5, 'major': 1}",1
235808,"{'minor': 1, 'major': 2}",1
235809,"{'minor': 6, 'major': 0}",3
235810,"{'minor': 3, 'major': 1}",1
235811,"{'minor': 2, 'major': 0}",0
235812,"{'minor': 6, 'major': 2}",2
235813,"{'minor': 1, 'major': 3}",3
235814,"{'minor': 3, 'major': 3}",1
235815,"{'minor': 3, 'major': 0}",0
235816,"{'minor': 2, 'major': 1}",2
235817,"{'minor': 3, 'major': 0}",1
235818,"{'minor': 4, 'major': 3}",3
235819,"{'minor': 3, 'major': 1}",0
235820,"{'minor': 1, 'major': 0}",2
235821,"{'minor': 0, 'major': 2}",2
235822,"{'minor': 3, 'major': 0}",3
235823,"{'minor': 1, 'major': 0}",0
235824,"{'minor': 5, 'major': 0}",3
235825,"{'minor': 1, 'major': 0}",1
235826,"{'minor': 2, 'major': 3}",0
235827,"{'minor': 5, 'major': 1}",0
235828,"{'minor': 0, 'major': 3}",0
235829,"{'minor': 2, 'major': 3}",0
235830,"{'minor': 4, 'major': 0}",3
235831,"{'minor': 2, 'major': 1}",2
235832,"{'minor': 5, 'major': 3}",1
235833,"{'minor': 5, 'major': 3}",3
235834,"{'minor': 6, 'major': 3}",0
235835,"{'minor': 0, 'major': 2}",3
235836,"{'minor': 6, 'major': 2}",1
235837,"{'minor': 6, 'major': 2}",3
235838,"{'minor': 5, 'major': 2}",2
235839,"{'minor': 4, 'major': 0}",0
235840,"{'minor': 1, 'major': 0}",3
235841,"{'minor': 1, 'major': 3}",3
235842,"{'minor': 0, 'major': 3}",2
235843,"{'minor': 3, 'major': 1}",3
235844,"{'minor': 2, 'major': 3}",3
235845,"{'minor': 0, 'major': 0}",3
235846,"{'minor': 1, 'major': 3}",2
235847,"{'minor': 1, 'major': 2}",2
235848,"{'minor': 2, 'major': 0}",3
235849,"{'minor': 6, 'major': 0}",3
235850,"{'minor': 0, 'major': 1}",1
235851,"{'minor': 2, 'major': 0}",2
235852,"{'minor': 4, 'major': 2}",1
235853,"{'minor': 1, 'major': 1}",0
235854,"{'minor': 1, 'major': 2}",0
235855,"{'minor': 6, 'major': 2}",0
235856,"{'minor': 5, 'major': 3}",1
235857,"{'minor': 2, 'major': 3}",0
235858,"{'minor': 4, 'major': 0}",1
235859,"{'minor': 4, 'major': 2}",2
235860,"{'minor': 2, 'major': 0}",0
235861,"{'minor': 4, 'major': 1}",3
235862,"{'minor': 5, 'major': 0}",1
235863,"{'minor': 1, 'major': 3}",3
235864,"{'minor': 2, 'major': 1}",1
235865,"{'minor': 2, 'major': 1}",0
235866,"{'minor': 5, 'major': 2}",2
235867,"{'minor': 6, 'major': 1}",3
235868,"{'minor': 0, 'major': 2}",2
235869,"{'minor': 2, 'major': 3}",0
235870,"{'minor': 2, 'major': 2}",3
235871,"{'minor': 5, 'major': 0}",2
235872,"{'minor': 6, 'major': 2}",1
235873,"{'minor': 4, 'major': 1}",3
235874,"{'minor': 1, 'major': 0}",0
235875,"{'minor': 5, 'major': 3}",3
235876,"{'minor': 5, 'major': 1}",3
235877,"{'minor': 2, 'major': 2}",2
235878,"{'minor': 0, 'major': 3}",3
235879,"{'minor': 5, 'major': 3}",2
235880,"{'minor': 2, 'major': 3}",0
235881,"{'minor': 1, 'major': 3}",2
235882,"{'minor': 2, 'major': 0}",1
235883,"{'minor': 6, 'major': 3}",0
235884,"{'minor': 1, 'major': 0}",1
235885,"{'minor': 6, 'major': 2}",0
235886,"{'minor': 2, 'major': 3}",1
235887,"{'minor': 1, 'major': 2}",3
235888,"{'minor': 5, 'major': 2}",1
235889,"{'minor': 5, 'major': 1}",0
235890,"{'minor': 0, 'major': 1}",0
235891,"{'minor': 2, 'major': 2}",0
235892,"{'minor': 1, 'major': 2}",3
235893,"{'minor': 0, 'major': 0}",3
235894,"{'minor': 0, 'major': 1}",1
235895,"{'minor': 0, 'major': 3}",2
235896,"{'minor': 5, 'major': 3}",1
235897,"{'minor': 3, 'major': 0}",3
235898,"{'minor': 1, 'major': 2}",0
235899,"{'minor': 0, 'major': 0}",1
235900,"{'minor': 0, 'major': 3}",0
235901,"{'minor': 0, 'major': 0}",0
235902,"{'minor': 4, 'major': 1}",3
235903,"{'minor': 6, 'major': 1}",3
235904,"{'minor': 2, 'major': 1}",0
235905,"{'minor': 0, 'major': 2}",0
235906,"{'minor': 0, 'major': 1}",0
235907,"{'minor': 2, 'major': 2}",0
235908,"{'minor': 6, 'major': 3}",0
235909,"{'minor': 1, 'major': 1}",2
235910,"{'minor': 3, 'major': 0}",1
235911,"{'minor': 3, 'major': 2}",3
235912,"{'minor': 3, 'major': 1}",1
235913,"{'minor': 2, 'major': 0}",3
235914,"{'minor': 5, 'major': 3}",0
235915,"{'minor': 2, 'major': 2}",3
235916,"{'minor': 0, 'major': 2}",0
235917,"{'minor': 4, 'major': 1}",3
235918,"{'minor': 1, 'major': 0}",2
235919,"{'minor': 4, 'major': 1}",2
235920,"{'minor': 3, 'major': 1}",1
235921,"{'minor': 2, 'major': 2}",1
235922,"{'minor': 2, 'major': 3}",1
235923,"{'minor': 3, 'major': 2}",3
235924,"{'minor': 3, 'major': 1}",2
235925,"{'minor': 0, 'major': 3}",3
235926,"{'minor': 6, 'major': 2}",0
235927,"{'minor': 2, 'major': 2}",1
235928,"{'minor': 6, 'major': 0}",1
235929,"{'minor': 0, 'major': 0}",1
235930,"{'minor': 3, 'major': 1}",1
235931,"{'minor': 2, 'major': 1}",3
235932,"{'minor': 4, 'major': 3}",0
235933,"{'minor': 6, 'major': 1}",3
235934,"{'minor': 2, 'major': 0}",0
235935,"{'minor': 2, 'major': 0}",3
235936,"{'minor': 3, 'major': 3}",2
235937,"{'minor': 3, 'major': 1}",0
235938,"{'minor': 3, 'major': 3}",2
235939,"{'minor': 1, 'major': 3}",0
235940,"{'minor': 1, 'major': 0}",1
235941,"{'minor': 4, 'major': 1}",0
235942,"{'minor': 1, 'major': 2}",1
235943,"{'minor': 5, 'major': 2}",1
235944,"{'minor': 2, 'major': 3}",2
235945,"{'minor': 5, 'major': 2}",3
235946,"{'minor': 5, 'major': 1}",3
235947,"{'minor': 0, 'major': 2}",0
235948,"{'minor': 2, 'major': 2}",0
235949,"{'minor': 5, 'major': 0}",2
235950,"{'minor': 5, 'major': 3}",1
235951,"{'minor': 0, 'major': 3}",0
235952,"{'minor': 4, 'major': 0}",3
235953,"{'minor': 5, 'major': 2}",1
235954,"{'minor': 5, 'major': 1}",1
235955,"{'minor': 0, 'major': 0}",0
235956,"{'minor': 1, 'major': 3}",2
235957,"{'minor': 3, 'major': 1}",3
235958,"{'minor': 2, 'major': 2}",3
235959,"{'minor': 3, 'major': 1}",2
235960,"{'minor': 2, 'major': 1}",1
235961,"{'minor': 4, 'major': 0}",2
235962,"{'minor': 4, 'major': 3}",2
235963,"{'minor': 2, 'major': 2}",1
235964,"{'minor': 3, 'major': 3}",0
235965,"{'minor': 4, 'major': 3}",0
235966,"{'minor': 6, 'major': 0}",2
235967,"{'minor': 0, 'major': 0}",3
235968,"{'minor': 3, 'major': 3}",2
235969,"{'minor': 5, 'major': 2}",1
235970,"{'minor': 0, 'major': 0}",1
235971,"{'minor': 3, 'major': 3}",1
235972,"{'minor': 4, 'major': 3}",2
235973,"{'minor': 3, 'major': 2}",0
235974,"{'minor': 0, 'major': 1}",2
235975,"{'minor': 2, 'major': 1}",3
235976,"{'minor': 1, 'major': 2}",0
235977,"{'minor': 2, 'major': 0}",1
235978,"{'minor': 0, 'major': 1}",0
235979,"{'minor': 0, 'major': 3}",2
235980,"{'minor': 2, 'major': 3}",2
235981,"{'minor': 2, 'major': 1}",1
235982,"{'minor': 0, 'major': 1}",1
235983,"{'minor': 4, 'major': 0}",2
235984,"{'minor': 2, 'major': 0}",3
235985,"{'minor': 2, 'major': 0}",2
235986,"{'minor': 6, 'major': 3}",1
235987,"{'minor': 4, 'major': 3}",3
235988,"{'minor': 5, 'major': 0}",1
235989,"{'minor': 3, 'major': 1}",0
235990,"{'minor': 3, 'major': 2}",1
235991,"{'minor': 4, 'major': 1}",0
235992,"{'minor': 3, 'major': 2}",2
235993,"{'minor': 4, 'major': 2}",0
235994,"{'minor': 0, 'major': 3}",2
235995,"{'minor': 1, 'major': 2}",3
235996,"{'minor': 0, 'major': 2}",3
235997,"{'minor': 2, 'major': 1}",2
235998,"{'minor': 2, 'major': 0}",1
235999,"{'minor': 0, 'major': 0}",2
236000,"{'minor': 3, 'major': 1}",0
236001,"{'minor': 6, 'major': 2}",0
236002,"{'minor': 3, 'major': 1}",2
236003,"{'minor': 5, 'major': 2}",2
236004,"{'minor': 2, 'major': 3}",0
236005,"{'minor': 1, 'major': 2}",2
236006,"{'minor': 5, 'major': 0}",0
236007,"{'minor': 4, 'major': 2}",3
236008,"{'minor': 6, 'major': 0}",3
236009,"{'minor': 6, 'major': 0}",2
236010,"{'minor': 2, 'major': 3}",2
236011,"{'minor': 3, 'major': 2}",0
236012,"{'minor': 6, 'major': 2}",2
236013,"{'minor': 1, 'major': 0}",0
236014,"{'minor': 0, 'major': 3}",0
236015,"{'minor': 3, 'major': 0}",3
236016,"{'minor': 1, 'major': 1}",3
236017,"{'minor': 4, 'major': 0}",0
236018,"{'minor': 6, 'major': 1}",0
236019,"{'minor': 6, 'major': 0}",1
236020,"{'minor': 6, 'major': 3}",3
236021,"{'minor': 2, 'major': 3}",2
236022,"{'minor': 5, 'major': 0}",1
236023,"{'minor': 4, 'major': 1}",1
236024,"{'minor': 4, 'major': 3}",3
236025,"{'minor': 2, 'major': 3}",0
236026,"{'minor': 0, 'major': 0}",1
236027,"{'minor': 5, 'major': 3}",2
236028,"{'minor': 6, 'major': 2}",1
236029,"{'minor': 3, 'major': 3}",2
236030,"{'minor': 1, 'major': 0}",3
236031,"{'minor': 1, 'major': 3}",2
236032,"{'minor': 6, 'major': 1}",1
236033,"{'minor': 0, 'major': 0}",3
236034,"{'minor': 0, 'major': 3}",0
236035,"{'minor': 0, 'major': 3}",1
236036,"{'minor': 4, 'major': 0}",2
236037,"{'minor': 3, 'major': 3}",3
236038,"{'minor': 2, 'major': 1}",2
236039,"{'minor': 2, 'major': 1}",1
236040,"{'minor': 3, 'major': 0}",0
236041,"{'minor': 6, 'major': 3}",1
236042,"{'minor': 0, 'major': 1}",3
236043,"{'minor': 3, 'major': 3}",3
236044,"{'minor': 4, 'major': 3}",3
236045,"{'minor': 1, 'major': 0}",1
236046,"{'minor': 6, 'major': 2}",2
236047,"{'minor': 4, 'major': 3}",0
236048,"{'minor': 3, 'major': 0}",3
236049,"{'minor': 1, 'major': 1}",3
236050,"{'minor': 2, 'major': 1}",2
236051,"{'minor': 2, 'major': 1}",3
236052,"{'minor': 3, 'major': 1}",1
236053,"{'minor': 2, 'major': 2}",0
236054,"{'minor': 3, 'major': 0}",2
236055,"{'minor': 0, 'major': 0}",3
236056,"{'minor': 1, 'major': 1}",1
236057,"{'minor': 1, 'major': 1}",0
236058,"{'minor': 3, 'major': 1}",1
236059,"{'minor': 6, 'major': 2}",0
236060,"{'minor': 4, 'major': 2}",0
236061,"{'minor': 1, 'major': 0}",3
236062,"{'minor': 6, 'major': 1}",3
236063,"{'minor': 3, 'major': 2}",3
236064,"{'minor': 4, 'major': 0}",3
236065,"{'minor': 2, 'major': 2}",1
236066,"{'minor': 6, 'major': 3}",0
236067,"{'minor': 2, 'major': 1}",0
236068,"{'minor': 4, 'major': 0}",1
236069,"{'minor': 5, 'major': 3}",3
236070,"{'minor': 5, 'major': 2}",1
236071,"{'minor': 4, 'major': 3}",2
236072,"{'minor': 2, 'major': 0}",0
236073,"{'minor': 4, 'major': 1}",0
236074,"{'minor': 3, 'major': 1}",1
236075,"{'minor': 2, 'major': 0}",1
236076,"{'minor': 0, 'major': 1}",2
236077,"{'minor': 2, 'major': 2}",1
236078,"{'minor': 0, 'major': 3}",1
236079,"{'minor': 4, 'major': 1}",1
236080,"{'minor': 6, 'major': 3}",2
236081,"{'minor': 6, 'major': 1}",1
236082,"{'minor': 6, 'major': 2}",0
236083,"{'minor': 5, 'major': 2}",1
236084,"{'minor': 4, 'major': 2}",1
236085,"{'minor': 4, 'major': 1}",1
236086,"{'minor': 2, 'major': 0}",0
236087,"{'minor': 5, 'major': 1}",2
236088,"{'minor': 0, 'major': 1}",1
236089,"{'minor': 1, 'major': 0}",3
236090,"{'minor': 5, 'major': 3}",2
236091,"{'minor': 3, 'major': 1}",3
236092,"{'minor': 2, 'major': 2}",1
236093,"{'minor': 1, 'major': 3}",2
236094,"{'minor': 5, 'major': 0}",0
236095,"{'minor': 5, 'major': 2}",3
236096,"{'minor': 4, 'major': 2}",2
236097,"{'minor': 2, 'major': 3}",0
236098,"{'minor': 0, 'major': 0}",3
236099,"{'minor': 1, 'major': 0}",0
236100,"{'minor': 6, 'major': 0}",3
236101,"{'minor': 6, 'major': 1}",3
236102,"{'minor': 3, 'major': 3}",2
236103,"{'minor': 1, 'major': 0}",1
236104,"{'minor': 4, 'major': 2}",2
236105,"{'minor': 6, 'major': 3}",2
236106,"{'minor': 5, 'major': 3}",3
236107,"{'minor': 3, 'major': 1}",0
236108,"{'minor': 5, 'major': 2}",2
236109,"{'minor': 6, 'major': 1}",3
236110,"{'minor': 4, 'major': 0}",0
236111,"{'minor': 6, 'major': 0}",2
236112,"{'minor': 2, 'major': 0}",3
236113,"{'minor': 2, 'major': 2}",0
236114,"{'minor': 4, 'major': 1}",0
236115,"{'minor': 0, 'major': 1}",1
236116,"{'minor': 4, 'major': 1}",0
236117,"{'minor': 4, 'major': 3}",0
236118,"{'minor': 3, 'major': 1}",1
236119,"{'minor': 2, 'major': 1}",0
236120,"{'minor': 6, 'major': 0}",1
236121,"{'minor': 4, 'major': 2}",2
236122,"{'minor': 4, 'major': 1}",3
236123,"{'minor': 3, 'major': 2}",0
236124,"{'minor': 2, 'major': 3}",1
236125,"{'minor': 5, 'major': 2}",0
236126,"{'minor': 2, 'major': 2}",1
236127,"{'minor': 4, 'major': 1}",3
236128,"{'minor': 0, 'major': 2}",3
236129,"{'minor': 6, 'major': 1}",1
236130,"{'minor': 6, 'major': 0}",1
236131,"{'minor': 3, 'major': 0}",2
236132,"{'minor': 6, 'major': 3}",2
236133,"{'minor': 6, 'major': 2}",0
236134,"{'minor': 0, 'major': 2}",1
236135,"{'minor': 0, 'major': 1}",3
236136,"{'minor': 5, 'major': 2}",1
236137,"{'minor': 6, 'major': 1}",1
236138,"{'minor': 1, 'major': 0}",2
236139,"{'minor': 6, 'major': 0}",1
236140,"{'minor': 1, 'major': 1}",2
236141,"{'minor': 1, 'major': 2}",0
236142,"{'minor': 2, 'major': 0}",1
236143,"{'minor': 3, 'major': 1}",0
236144,"{'minor': 0, 'major': 2}",0
236145,"{'minor': 4, 'major': 0}",3
236146,"{'minor': 2, 'major': 1}",3
236147,"{'minor': 2, 'major': 3}",2
236148,"{'minor': 3, 'major': 0}",2
236149,"{'minor': 4, 'major': 3}",1
236150,"{'minor': 2, 'major': 0}",3
236151,"{'minor': 2, 'major': 0}",0
236152,"{'minor': 3, 'major': 1}",3
236153,"{'minor': 1, 'major': 1}",1
236154,"{'minor': 1, 'major': 1}",3
236155,"{'minor': 0, 'major': 3}",0
236156,"{'minor': 6, 'major': 2}",3
236157,"{'minor': 2, 'major': 1}",2
236158,"{'minor': 4, 'major': 2}",3
236159,"{'minor': 0, 'major': 1}",1
236160,"{'minor': 6, 'major': 3}",3
236161,"{'minor': 3, 'major': 0}",3
236162,"{'minor': 0, 'major': 0}",2
236163,"{'minor': 6, 'major': 3}",3
236164,"{'minor': 4, 'major': 3}",1
236165,"{'minor': 3, 'major': 2}",0
236166,"{'minor': 1, 'major': 3}",1
236167,"{'minor': 1, 'major': 3}",1
236168,"{'minor': 2, 'major': 0}",3
236169,"{'minor': 1, 'major': 0}",2
236170,"{'minor': 1, 'major': 2}",3
236171,"{'minor': 6, 'major': 2}",2
236172,"{'minor': 3, 'major': 0}",0
236173,"{'minor': 2, 'major': 0}",1
236174,"{'minor': 4, 'major': 3}",0
236175,"{'minor': 2, 'major': 0}",0
236176,"{'minor': 2, 'major': 3}",0
236177,"{'minor': 5, 'major': 0}",0
236178,"{'minor': 5, 'major': 0}",3
236179,"{'minor': 0, 'major': 1}",0
236180,"{'minor': 4, 'major': 2}",3
236181,"{'minor': 0, 'major': 3}",1
236182,"{'minor': 0, 'major': 2}",2
236183,"{'minor': 1, 'major': 2}",0
236184,"{'minor': 6, 'major': 3}",0
236185,"{'minor': 4, 'major': 0}",2
236186,"{'minor': 5, 'major': 1}",0
236187,"{'minor': 2, 'major': 1}",1
236188,"{'minor': 1, 'major': 0}",0
236189,"{'minor': 2, 'major': 2}",2
236190,"{'minor': 3, 'major': 0}",2
236191,"{'minor': 0, 'major': 0}",2
236192,"{'minor': 2, 'major': 3}",0
236193,"{'minor': 4, 'major': 1}",2
236194,"{'minor': 4, 'major': 2}",0
236195,"{'minor': 0, 'major': 1}",0
236196,"{'minor': 2, 'major': 0}",3
236197,"{'minor': 1, 'major': 0}",3
236198,"{'minor': 4, 'major': 1}",0
236199,"{'minor': 4, 'major': 0}",2
236200,"{'minor': 6, 'major': 3}",0
236201,"{'minor': 0, 'major': 1}",0
236202,"{'minor': 2, 'major': 2}",2
236203,"{'minor': 4, 'major': 1}",2
236204,"{'minor': 6, 'major': 2}",0
236205,"{'minor': 4, 'major': 2}",0
236206,"{'minor': 2, 'major': 1}",2
236207,"{'minor': 3, 'major': 3}",2
236208,"{'minor': 4, 'major': 2}",3
236209,"{'minor': 4, 'major': 3}",1
236210,"{'minor': 5, 'major': 0}",1
236211,"{'minor': 6, 'major': 2}",3
236212,"{'minor': 4, 'major': 0}",1
236213,"{'minor': 2, 'major': 3}",2
236214,"{'minor': 1, 'major': 0}",3
236215,"{'minor': 5, 'major': 1}",3
236216,"{'minor': 3, 'major': 1}",1
236217,"{'minor': 4, 'major': 0}",2
236218,"{'minor': 0, 'major': 0}",0
236219,"{'minor': 1, 'major': 2}",1
236220,"{'minor': 3, 'major': 3}",2
236221,"{'minor': 5, 'major': 1}",0
236222,"{'minor': 4, 'major': 0}",2
236223,"{'minor': 2, 'major': 0}",2
236224,"{'minor': 5, 'major': 3}",3
236225,"{'minor': 0, 'major': 2}",0
236226,"{'minor': 1, 'major': 3}",1
236227,"{'minor': 1, 'major': 3}",0
236228,"{'minor': 4, 'major': 0}",0
236229,"{'minor': 6, 'major': 3}",1
236230,"{'minor': 5, 'major': 2}",0
236231,"{'minor': 3, 'major': 0}",1
236232,"{'minor': 5, 'major': 0}",0
236233,"{'minor': 5, 'major': 1}",2
236234,"{'minor': 6, 'major': 0}",2
236235,"{'minor': 5, 'major': 3}",3
236236,"{'minor': 0, 'major': 3}",2
236237,"{'minor': 4, 'major': 2}",0
236238,"{'minor': 4, 'major': 2}",2
236239,"{'minor': 3, 'major': 0}",0
236240,"{'minor': 0, 'major': 0}",3
236241,"{'minor': 3, 'major': 1}",1
236242,"{'minor': 2, 'major': 1}",2
236243,"{'minor': 3, 'major': 1}",0
236244,"{'minor': 2, 'major': 2}",2
236245,"{'minor': 1, 'major': 1}",0
236246,"{'minor': 3, 'major': 2}",3
236247,"{'minor': 0, 'major': 1}",3
236248,"{'minor': 3, 'major': 0}",2
236249,"{'minor': 5, 'major': 3}",0
236250,"{'minor': 4, 'major': 0}",3
236251,"{'minor': 5, 'major': 0}",1
236252,"{'minor': 6, 'major': 1}",1
236253,"{'minor': 0, 'major': 3}",0
236254,"{'minor': 3, 'major': 1}",0
236255,"{'minor': 3, 'major': 3}",2
236256,"{'minor': 3, 'major': 2}",0
236257,"{'minor': 2, 'major': 3}",3
236258,"{'minor': 6, 'major': 0}",2
236259,"{'minor': 3, 'major': 1}",1
236260,"{'minor': 0, 'major': 0}",0
236261,"{'minor': 2, 'major': 0}",2
236262,"{'minor': 4, 'major': 3}",2
236263,"{'minor': 3, 'major': 3}",0
236264,"{'minor': 5, 'major': 3}",1
236265,"{'minor': 1, 'major': 3}",2
236266,"{'minor': 2, 'major': 3}",2
236267,"{'minor': 0, 'major': 0}",0
236268,"{'minor': 1, 'major': 0}",2
236269,"{'minor': 0, 'major': 0}",2
236270,"{'minor': 1, 'major': 2}",0
236271,"{'minor': 1, 'major': 0}",0
236272,"{'minor': 1, 'major': 3}",1
236273,"{'minor': 2, 'major': 3}",1
236274,"{'minor': 1, 'major': 0}",1
236275,"{'minor': 0, 'major': 3}",3
236276,"{'minor': 0, 'major': 0}",0
236277,"{'minor': 5, 'major': 1}",0
236278,"{'minor': 0, 'major': 1}",1
236279,"{'minor': 3, 'major': 1}",3
236280,"{'minor': 4, 'major': 3}",3
236281,"{'minor': 2, 'major': 3}",0
236282,"{'minor': 5, 'major': 3}",1
236283,"{'minor': 1, 'major': 3}",0
236284,"{'minor': 4, 'major': 2}",0
236285,"{'minor': 4, 'major': 3}",1
236286,"{'minor': 0, 'major': 3}",0
236287,"{'minor': 2, 'major': 2}",2
236288,"{'minor': 3, 'major': 2}",2
236289,"{'minor': 3, 'major': 2}",2
236290,"{'minor': 5, 'major': 0}",0
236291,"{'minor': 4, 'major': 1}",1
236292,"{'minor': 4, 'major': 3}",1
236293,"{'minor': 6, 'major': 3}",0
236294,"{'minor': 2, 'major': 1}",0
236295,"{'minor': 3, 'major': 2}",3
236296,"{'minor': 6, 'major': 1}",3
236297,"{'minor': 0, 'major': 0}",1
236298,"{'minor': 5, 'major': 2}",1
236299,"{'minor': 5, 'major': 3}",1
236300,"{'minor': 3, 'major': 1}",1
236301,"{'minor': 4, 'major': 2}",1
236302,"{'minor': 1, 'major': 1}",0
236303,"{'minor': 3, 'major': 1}",1
236304,"{'minor': 0, 'major': 3}",1
236305,"{'minor': 5, 'major': 2}",2
236306,"{'minor': 5, 'major': 1}",0
236307,"{'minor': 5, 'major': 3}",0
236308,"{'minor': 2, 'major': 2}",1
236309,"{'minor': 4, 'major': 3}",3
236310,"{'minor': 0, 'major': 1}",0
236311,"{'minor': 0, 'major': 2}",0
236312,"{'minor': 2, 'major': 0}",0
236313,"{'minor': 6, 'major': 1}",2
236314,"{'minor': 3, 'major': 0}",2
236315,"{'minor': 5, 'major': 1}",2
236316,"{'minor': 6, 'major': 1}",1
236317,"{'minor': 1, 'major': 0}",3
236318,"{'minor': 1, 'major': 3}",3
236319,"{'minor': 2, 'major': 0}",0
236320,"{'minor': 2, 'major': 3}",3
236321,"{'minor': 2, 'major': 3}",0
236322,"{'minor': 1, 'major': 3}",2
236323,"{'minor': 3, 'major': 1}",2
236324,"{'minor': 0, 'major': 3}",0
236325,"{'minor': 2, 'major': 0}",3
236326,"{'minor': 2, 'major': 2}",0
236327,"{'minor': 0, 'major': 0}",0
236328,"{'minor': 4, 'major': 0}",1
236329,"{'minor': 6, 'major': 1}",2
236330,"{'minor': 3, 'major': 0}",2
236331,"{'minor': 6, 'major': 3}",0
236332,"{'minor': 6, 'major': 0}",2
236333,"{'minor': 2, 'major': 3}",1
236334,"{'minor': 0, 'major': 0}",3
236335,"{'minor': 0, 'major': 2}",1
236336,"{'minor': 4, 'major': 1}",3
236337,"{'minor': 4, 'major': 3}",1
236338,"{'minor': 5, 'major': 0}",3
236339,"{'minor': 3, 'major': 0}",3
236340,"{'minor': 2, 'major': 1}",2
236341,"{'minor': 0, 'major': 2}",1
236342,"{'minor': 0, 'major': 0}",0
236343,"{'minor': 6, 'major': 1}",0
236344,"{'minor': 2, 'major': 3}",3
236345,"{'minor': 0, 'major': 2}",3
236346,"{'minor': 0, 'major': 2}",0
236347,"{'minor': 3, 'major': 1}",1
236348,"{'minor': 5, 'major': 0}",2
236349,"{'minor': 5, 'major': 3}",0
236350,"{'minor': 6, 'major': 1}",1
236351,"{'minor': 3, 'major': 1}",2
236352,"{'minor': 0, 'major': 2}",0
236353,"{'minor': 0, 'major': 1}",1
236354,"{'minor': 0, 'major': 1}",3
236355,"{'minor': 1, 'major': 1}",3
236356,"{'minor': 3, 'major': 0}",1
236357,"{'minor': 3, 'major': 2}",1
236358,"{'minor': 1, 'major': 3}",1
236359,"{'minor': 2, 'major': 3}",3
236360,"{'minor': 5, 'major': 1}",2
236361,"{'minor': 0, 'major': 2}",0
236362,"{'minor': 1, 'major': 1}",1
236363,"{'minor': 0, 'major': 3}",0
236364,"{'minor': 4, 'major': 2}",1
236365,"{'minor': 3, 'major': 2}",0
236366,"{'minor': 1, 'major': 0}",0
236367,"{'minor': 2, 'major': 3}",3
236368,"{'minor': 6, 'major': 3}",3
236369,"{'minor': 3, 'major': 1}",2
236370,"{'minor': 3, 'major': 2}",2
236371,"{'minor': 4, 'major': 2}",0
236372,"{'minor': 2, 'major': 1}",1
236373,"{'minor': 6, 'major': 2}",1
236374,"{'minor': 6, 'major': 2}",0
236375,"{'minor': 4, 'major': 1}",2
236376,"{'minor': 6, 'major': 3}",2
236377,"{'minor': 5, 'major': 1}",2
236378,"{'minor': 0, 'major': 0}",2
236379,"{'minor': 4, 'major': 0}",0
236380,"{'minor': 2, 'major': 0}",0
236381,"{'minor': 5, 'major': 0}",2
236382,"{'minor': 5, 'major': 0}",1
236383,"{'minor': 5, 'major': 1}",2
236384,"{'minor': 3, 'major': 0}",2
236385,"{'minor': 4, 'major': 0}",3
236386,"{'minor': 0, 'major': 0}",0
236387,"{'minor': 6, 'major': 2}",2
236388,"{'minor': 0, 'major': 2}",2
236389,"{'minor': 1, 'major': 2}",1
236390,"{'minor': 1, 'major': 2}",3
236391,"{'minor': 5, 'major': 3}",0
236392,"{'minor': 3, 'major': 2}",1
236393,"{'minor': 5, 'major': 3}",0
236394,"{'minor': 1, 'major': 1}",3
236395,"{'minor': 0, 'major': 1}",1
236396,"{'minor': 2, 'major': 1}",1
236397,"{'minor': 2, 'major': 0}",3
236398,"{'minor': 3, 'major': 1}",1
236399,"{'minor': 6, 'major': 3}",1
236400,"{'minor': 2, 'major': 2}",0
236401,"{'minor': 3, 'major': 0}",1
236402,"{'minor': 6, 'major': 1}",3
236403,"{'minor': 1, 'major': 0}",2
236404,"{'minor': 4, 'major': 2}",3
236405,"{'minor': 2, 'major': 0}",2
236406,"{'minor': 6, 'major': 2}",3
236407,"{'minor': 4, 'major': 3}",0
236408,"{'minor': 1, 'major': 0}",2
236409,"{'minor': 0, 'major': 2}",1
236410,"{'minor': 3, 'major': 2}",0
236411,"{'minor': 6, 'major': 2}",1
236412,"{'minor': 4, 'major': 2}",1
236413,"{'minor': 0, 'major': 2}",0
236414,"{'minor': 0, 'major': 3}",3
236415,"{'minor': 6, 'major': 2}",1
236416,"{'minor': 1, 'major': 1}",1
236417,"{'minor': 3, 'major': 1}",1
236418,"{'minor': 0, 'major': 3}",2
236419,"{'minor': 5, 'major': 1}",3
236420,"{'minor': 4, 'major': 1}",1
236421,"{'minor': 1, 'major': 2}",2
236422,"{'minor': 5, 'major': 0}",0
236423,"{'minor': 6, 'major': 0}",1
236424,"{'minor': 4, 'major': 3}",1
236425,"{'minor': 2, 'major': 1}",0
236426,"{'minor': 5, 'major': 2}",1
236427,"{'minor': 5, 'major': 1}",0
236428,"{'minor': 6, 'major': 3}",1
236429,"{'minor': 2, 'major': 0}",2
236430,"{'minor': 3, 'major': 1}",1
236431,"{'minor': 4, 'major': 3}",0
236432,"{'minor': 6, 'major': 0}",1
236433,"{'minor': 2, 'major': 3}",2
236434,"{'minor': 4, 'major': 2}",3
236435,"{'minor': 6, 'major': 0}",0
236436,"{'minor': 3, 'major': 1}",0
236437,"{'minor': 6, 'major': 3}",2
236438,"{'minor': 3, 'major': 0}",3
236439,"{'minor': 4, 'major': 0}",1
236440,"{'minor': 5, 'major': 3}",3
236441,"{'minor': 4, 'major': 2}",0
236442,"{'minor': 6, 'major': 1}",0
236443,"{'minor': 4, 'major': 1}",3
236444,"{'minor': 1, 'major': 1}",0
236445,"{'minor': 3, 'major': 3}",1
236446,"{'minor': 2, 'major': 0}",0
236447,"{'minor': 3, 'major': 3}",1
236448,"{'minor': 5, 'major': 0}",3
236449,"{'minor': 5, 'major': 1}",0
236450,"{'minor': 2, 'major': 0}",2
236451,"{'minor': 0, 'major': 2}",0
236452,"{'minor': 2, 'major': 2}",2
236453,"{'minor': 5, 'major': 1}",1
236454,"{'minor': 5, 'major': 0}",1
236455,"{'minor': 3, 'major': 3}",1
236456,"{'minor': 3, 'major': 3}",2
236457,"{'minor': 5, 'major': 1}",0
236458,"{'minor': 6, 'major': 1}",3
236459,"{'minor': 5, 'major': 3}",2
236460,"{'minor': 2, 'major': 0}",2
236461,"{'minor': 3, 'major': 2}",1
236462,"{'minor': 3, 'major': 0}",2
236463,"{'minor': 4, 'major': 1}",1
236464,"{'minor': 4, 'major': 3}",3
236465,"{'minor': 0, 'major': 3}",3
236466,"{'minor': 2, 'major': 2}",1
236467,"{'minor': 5, 'major': 2}",1
236468,"{'minor': 3, 'major': 1}",2
236469,"{'minor': 5, 'major': 1}",1
236470,"{'minor': 0, 'major': 1}",1
236471,"{'minor': 4, 'major': 2}",3
236472,"{'minor': 0, 'major': 2}",2
236473,"{'minor': 0, 'major': 3}",3
236474,"{'minor': 4, 'major': 1}",2
236475,"{'minor': 3, 'major': 1}",2
236476,"{'minor': 0, 'major': 3}",1
236477,"{'minor': 5, 'major': 3}",3
236478,"{'minor': 6, 'major': 2}",3
236479,"{'minor': 5, 'major': 1}",0
236480,"{'minor': 6, 'major': 3}",3
236481,"{'minor': 5, 'major': 0}",1
236482,"{'minor': 3, 'major': 0}",2
236483,"{'minor': 6, 'major': 0}",1
236484,"{'minor': 2, 'major': 1}",3
236485,"{'minor': 2, 'major': 0}",2
236486,"{'minor': 4, 'major': 1}",3
236487,"{'minor': 3, 'major': 2}",2
236488,"{'minor': 6, 'major': 3}",1
236489,"{'minor': 2, 'major': 0}",2
236490,"{'minor': 1, 'major': 2}",0
236491,"{'minor': 1, 'major': 1}",2
236492,"{'minor': 1, 'major': 3}",2
236493,"{'minor': 2, 'major': 3}",0
236494,"{'minor': 4, 'major': 0}",3
236495,"{'minor': 4, 'major': 3}",0
236496,"{'minor': 2, 'major': 3}",0
236497,"{'minor': 6, 'major': 3}",2
236498,"{'minor': 3, 'major': 0}",0
236499,"{'minor': 4, 'major': 0}",1
236500,"{'minor': 5, 'major': 0}",1
236501,"{'minor': 6, 'major': 2}",2
236502,"{'minor': 2, 'major': 3}",2
236503,"{'minor': 1, 'major': 1}",1
236504,"{'minor': 4, 'major': 0}",2
236505,"{'minor': 6, 'major': 0}",1
236506,"{'minor': 3, 'major': 1}",0
236507,"{'minor': 1, 'major': 1}",1
236508,"{'minor': 4, 'major': 3}",3
236509,"{'minor': 3, 'major': 1}",2
236510,"{'minor': 1, 'major': 3}",3
236511,"{'minor': 1, 'major': 0}",0
236512,"{'minor': 1, 'major': 1}",3
236513,"{'minor': 0, 'major': 2}",3
236514,"{'minor': 5, 'major': 1}",1
236515,"{'minor': 5, 'major': 1}",2
236516,"{'minor': 6, 'major': 1}",3
236517,"{'minor': 6, 'major': 0}",1
236518,"{'minor': 5, 'major': 0}",1
236519,"{'minor': 0, 'major': 0}",0
236520,"{'minor': 3, 'major': 3}",1
236521,"{'minor': 3, 'major': 1}",3
236522,"{'minor': 3, 'major': 3}",3
236523,"{'minor': 6, 'major': 3}",0
236524,"{'minor': 2, 'major': 0}",2
236525,"{'minor': 6, 'major': 0}",2
236526,"{'minor': 3, 'major': 3}",0
236527,"{'minor': 2, 'major': 3}",3
236528,"{'minor': 6, 'major': 0}",2
236529,"{'minor': 6, 'major': 0}",1
236530,"{'minor': 6, 'major': 0}",0
311111,"{'minor': 7, 'major': 1}",1
311112,"{'minor': 6, 'major': 3}",2
311113,"{'minor': 5, 'major': 0}",3
311114,"{'minor': 8, 'major': 2}",2
311115,"{'minor': 10, 'major': 2}",7
311116,"{'minor': 3, 'major': 4}",1
311117,"{'minor': 8, 'major': 2}",4
311118,"{'minor': 10, 'major': 2}",4
311119,"{'minor': 10, 'major': 3}",6
311120,"{'minor': 5, 'major': 3}",4
311121,"{'minor': 6, 'major': 5}",6
311122,"{'minor': 9, 'major': 3}",4
311123,"{'minor': 2, 'major': 4}",3
311124,"{'minor': 13, 'major': 2}",2
311125,"{'minor': 4, 'major': 3}",2
311126,"{'minor': 12, 'major': 4}",6
311127,"{'minor': 6, 'major': 3}",3
311128,"{'minor': 8, 'major': 0}",4
311129,"{'minor': 13, 'major': 3}",3
311130,"{'minor': 8, 'major': 2}",2
311131,"{'minor': 5, 'major': 3}",2
311132,"{'minor': 3, 'major': 3}",5
311133,"{'minor': 9, 'major': 3}",2
311134,"{'minor': 10, 'major': 2}",3
311135,"{'minor': 4, 'major': 3}",0
311136,"{'minor': 9, 'major': 5}",1
311137,"{'minor': 5, 'major': 3}",5
311138,"{'minor': 6, 'major': 4}",1
311139,"{'minor': 9, 'major': 1}",3
311140,"{'minor': 7, 'major': 2}",3
